{"_id":{"$oid":"65ea558c29888fda779517ef"},"identity":{"productID":[],"cip":{"vendCode":1,"prodType":7,"prodCode":399}},"revisions":[{"identity":{"productID":["cip.type:1.7.399.2"],"vendor":"Rockwell Automation/Allen-Bradley","productType":[],"productName":"5094-OB16","catalog":"5094-OB16","description":[{"iso6391Locale":"en","value":"16 Point 24V DC Output, Source"},{"iso6391Locale":"fr","value":"Sortie 24 V CC, 16 points, source"},{"iso6391Locale":"de","value":"16-Punkt-Ausgang, 24 V DC, stromliefernd"},{"iso6391Locale":"es","value":"Salida de 24 V CC de 16 puntos, origen/surtidor"},{"iso6391Locale":"pt","value":"Saída de 24 V CC de 16 pontos, fonte"},{"iso6391Locale":"it","value":"Uscita 24 V CC a 16 punti, Origine"},{"iso6391Locale":"ja","value":"16 ポイント 24V DC 出力、ソース"},{"iso6391Locale":"ko","value":"16 포인트 24V DC 출력, 소스"},{"iso6391Locale":"zh","value":"16 点 24V 直流输出，源型"}],"majRevSeries":["A"],"cip":{"vendCode":1,"prodType":7,"prodCode":399,"majRev":2}},"categories":["Digital","Output"],"ports":[{"portID":"1","type":"5094","downStreamOnly":false,"localOnly":false,"label":"Chassis","width":1,"connectorOffset":0,"noClass1OutRouting":false}],"image":{"icons":[{"key":"aop","path":"Rockwell Software\\RSLogix 5000\\Module Profiles\\RA 5094 Discrete\\5094-stdIO.ico"}],"ideIcon":{"name":"device-io-module"}},"ideSupport":{"ideStyle":"AOPCore","minIDEVersion":1,"PVCLSID":"{81E11FFF-A883-4C09-A274-FBCEEF42AE93}","PSCLSID":"{848B1A29-B8C1-4333-89EB-80C2EF30BDD9}"},"ioSupport":{"noRemoteChildren":false,"multicastOnly":false,"unicastOnly":false,"hmiButtonControl":false,"redundancy":{"canExistInRedundantChassis":false},"aggregation":{"neoObjectSupported":{"objectSupported":false},"neoAggregationTarget":{"target":true,"minMajorRev":1},"bankMaster":{"bankMaster":false},"childBankMasterValidation":{"childBankMasterValidation":false}}}},{"identity":{"productID":["cip.type:1.7.399.1"],"vendor":"Rockwell Automation/Allen-Bradley","productType":[],"productName":"5094-OB16","catalog":"5094-OB16","description":[{"iso6391Locale":"en","value":"16 Point 24V DC Output, Source"},{"iso6391Locale":"fr","value":"Sortie 24 V CC, 16 points, source"},{"iso6391Locale":"de","value":"16-Punkt-Ausgang, 24 V DC, stromliefernd"},{"iso6391Locale":"es","value":"Salida de 24 V CC de 16 puntos, origen/surtidor"},{"iso6391Locale":"pt","value":"Saída de 24 V CC de 16 pontos, fonte"},{"iso6391Locale":"it","value":"Uscita 24 V CC a 16 punti, Origine"},{"iso6391Locale":"ja","value":"16 ポイント 24V DC 出力、ソース"},{"iso6391Locale":"ko","value":"16 포인트 24V DC 출력, 소스"},{"iso6391Locale":"zh","value":"16 点 24V 直流输出，源型"}],"majRevSeries":["A"],"cip":{"majRev":1,"vendCode":1,"prodType":7,"prodCode":399}},"categories":["Digital","Output"],"ports":[{"portID":"1","type":"5094","downStreamOnly":false,"localOnly":false,"label":"Chassis","width":1,"connectorOffset":0,"noClass1OutRouting":false}],"image":{"icons":[{"key":"aop","path":"Rockwell Software\\RSLogix 5000\\Module Profiles\\RA 5094 Discrete\\5094-stdIO.ico"}],"ideIcon":{"name":"device-io-module"}},"ideSupport":{"ideStyle":"AOPCore","minIDEVersion":1,"PVCLSID":"{81E11FFF-A883-4C09-A274-FBCEEF42AE93}","PSCLSID":"{848B1A29-B8C1-4333-89EB-80C2EF30BDD9}"},"ioSupport":{"noRemoteChildren":false,"multicastOnly":false,"unicastOnly":false,"hmiButtonControl":false,"redundancy":{"canExistInRedundantChassis":false},"aggregation":{"neoObjectSupported":{"objectSupported":false},"neoAggregationTarget":{"target":true,"minMajorRev":1},"bankMaster":{"bankMaster":false},"childBankMasterValidation":{"childBankMasterValidation":false}}}}]}
{"_id":{"$oid":"65ea558c29888fda779517f0"},"identity":{"productID":[],"cip":{"vendCode":1,"prodType":7,"prodCode":397}},"revisions":[{"identity":{"productID":["cip.type:1.7.397.2"],"vendor":"Rockwell Automation/Allen-Bradley","productType":[],"productName":"5094-IB16","catalog":"5094-IB16","description":[{"iso6391Locale":"en","value":"16 Point 24V DC Input, Sink"},{"iso6391Locale":"fr","value":"Entrée 24 V CC, 16 points, dissipateur"},{"iso6391Locale":"de","value":"16-Punkt-Eingang, 24 V DC, stromziehend"},{"iso6391Locale":"es","value":"Entrada de 24 V CC de 16 puntos, drenador/disipador"},{"iso6391Locale":"pt","value":"Entrada de 24 V CC de 16 pontos, dreno"},{"iso6391Locale":"it","value":"Ingresso 24 V CC a 16 punti, Sink"},{"iso6391Locale":"ja","value":"16 ポイント 24V DC 入力、シンク"},{"iso6391Locale":"ko","value":"16 포인트 24V DC 입력, 싱크"},{"iso6391Locale":"zh","value":"16 点 24V 直流输入，漏型"}],"majRevSeries":["A"],"cip":{"vendCode":1,"prodType":7,"prodCode":397,"majRev":2}},"categories":["Digital","Input"],"ports":[{"portID":"1","type":"5094","downStreamOnly":false,"localOnly":false,"label":"Chassis","width":1,"connectorOffset":0,"noClass1OutRouting":false}],"image":{"icons":[{"key":"aop","path":"Rockwell Software\\RSLogix 5000\\Module Profiles\\RA 5094 Discrete\\5094-stdIO.ico"}],"ideIcon":{"name":"device-io-module"}},"ideSupport":{"ideStyle":"AOPCore","minIDEVersion":1,"PVCLSID":"{81E11FFF-A883-4C09-A274-FBCEEF42AE93}","PSCLSID":"{848B1A29-B8C1-4333-89EB-80C2EF30BDD9}"},"ioSupport":{"noRemoteChildren":false,"multicastOnly":false,"unicastOnly":false,"hmiButtonControl":false,"redundancy":{"canExistInRedundantChassis":false},"aggregation":{"neoObjectSupported":{"objectSupported":false},"neoAggregationTarget":{"target":true,"minMajorRev":1},"bankMaster":{"bankMaster":false},"childBankMasterValidation":{"childBankMasterValidation":false}}}},{"identity":{"productID":["cip.type:1.7.397.1"],"vendor":"Rockwell Automation/Allen-Bradley","productType":[],"productName":"5094-IB16","catalog":"5094-IB16","description":[{"iso6391Locale":"en","value":"16 Point 24V DC Input, Sink"},{"iso6391Locale":"fr","value":"Entrée 24 V CC, 16 points, dissipateur"},{"iso6391Locale":"de","value":"16-Punkt-Eingang, 24 V DC, stromziehend"},{"iso6391Locale":"es","value":"Entrada de 24 V CC de 16 puntos, drenador/disipador"},{"iso6391Locale":"pt","value":"Entrada de 24 V CC de 16 pontos, dreno"},{"iso6391Locale":"it","value":"Ingresso 24 V CC a 16 punti, Sink"},{"iso6391Locale":"ja","value":"16 ポイント 24V DC 入力、シンク"},{"iso6391Locale":"ko","value":"16 포인트 24V DC 입력, 싱크"},{"iso6391Locale":"zh","value":"16 点 24V 直流输入，漏型"}],"majRevSeries":["A"],"cip":{"majRev":1,"vendCode":1,"prodType":7,"prodCode":397}},"categories":["Digital","Input"],"ports":[{"portID":"1","type":"5094","downStreamOnly":false,"localOnly":false,"label":"Chassis","width":1,"connectorOffset":0,"noClass1OutRouting":false}],"image":{"icons":[{"key":"aop","path":"Rockwell Software\\RSLogix 5000\\Module Profiles\\RA 5094 Discrete\\5094-stdIO.ico"}],"ideIcon":{"name":"device-io-module"}},"ideSupport":{"ideStyle":"AOPCore","minIDEVersion":1,"PVCLSID":"{81E11FFF-A883-4C09-A274-FBCEEF42AE93}","PSCLSID":"{848B1A29-B8C1-4333-89EB-80C2EF30BDD9}"},"ioSupport":{"noRemoteChildren":false,"multicastOnly":false,"unicastOnly":false,"hmiButtonControl":false,"redundancy":{"canExistInRedundantChassis":false},"aggregation":{"neoObjectSupported":{"objectSupported":false},"neoAggregationTarget":{"target":true,"minMajorRev":1},"bankMaster":{"bankMaster":false},"childBankMasterValidation":{"childBankMasterValidation":false}}}}]}
{"_id":{"$oid":"65ea558c29888fda779517f1"},"identity":{"productID":[],"cip":{"vendCode":1,"prodType":7,"prodCode":412}},"revisions":[{"identity":{"productID":["cip.type:1.7.412.2"],"vendor":"Rockwell Automation/Allen-Bradley","productType":[],"productName":"5094-IB16XT","catalog":"5094-IB16XT","description":[{"iso6391Locale":"en","value":"16 Point 24V DC Input, Sink, XT"},{"iso6391Locale":"fr","value":"Entrée 24 V CC, 16 points, dissipateur, XT"},{"iso6391Locale":"de","value":"16-Punkt-Eingang, 24 V DC, stromziehend, XT"},{"iso6391Locale":"es","value":"Entrada de 24 V CC de 16 puntos, drenador/disipador, XT"},{"iso6391Locale":"pt","value":"Entrada de 24 V CC de 16 pontos, dreno, XT"},{"iso6391Locale":"it","value":"Ingresso 24 V CC a 16 punti, Sink, XT"},{"iso6391Locale":"ja","value":"16 ポイント 24V DC 入力、シンク、XT"},{"iso6391Locale":"ko","value":"16 포인트 24V DC 입력, 싱크, XT"},{"iso6391Locale":"zh","value":"16 点 24V 直流输入，漏型，XT"}],"majRevSeries":["A"],"cip":{"vendCode":1,"prodType":7,"prodCode":412,"majRev":2}},"categories":["Digital","Input"],"ports":[{"portID":"1","type":"5094","downStreamOnly":false,"localOnly":false,"label":"Chassis","width":1,"connectorOffset":0,"noClass1OutRouting":false}],"image":{"icons":[{"key":"aop","path":"Rockwell Software\\RSLogix 5000\\Module Profiles\\RA 5094 Discrete\\5094-stdIOXT.ico"}],"ideIcon":{"name":"device-io-module"}},"ideSupport":{"ideStyle":"AOPCore","minIDEVersion":1,"PVCLSID":"{81E11FFF-A883-4C09-A274-FBCEEF42AE93}","PSCLSID":"{848B1A29-B8C1-4333-89EB-80C2EF30BDD9}"},"ioSupport":{"noRemoteChildren":false,"multicastOnly":false,"unicastOnly":false,"hmiButtonControl":false,"redundancy":{"canExistInRedundantChassis":false},"aggregation":{"neoObjectSupported":{"objectSupported":false},"neoAggregationTarget":{"target":true,"minMajorRev":1},"bankMaster":{"bankMaster":false},"childBankMasterValidation":{"childBankMasterValidation":false}}}},{"identity":{"productID":["cip.type:1.7.412.1"],"vendor":"Rockwell Automation/Allen-Bradley","productType":[],"productName":"5094-IB16XT","catalog":"5094-IB16XT","description":[{"iso6391Locale":"en","value":"16 Point 24V DC Input, Sink, XT"},{"iso6391Locale":"fr","value":"Entrée 24 V CC, 16 points, dissipateur, XT"},{"iso6391Locale":"de","value":"16-Punkt-Eingang, 24 V DC, stromziehend, XT"},{"iso6391Locale":"es","value":"Entrada de 24 V CC de 16 puntos, drenador/disipador, XT"},{"iso6391Locale":"pt","value":"Entrada de 24 V CC de 16 pontos, dreno, XT"},{"iso6391Locale":"it","value":"Ingresso 24 V CC a 16 punti, Sink, XT"},{"iso6391Locale":"ja","value":"16 ポイント 24V DC 入力、シンク、XT"},{"iso6391Locale":"ko","value":"16 포인트 24V DC 입력, 싱크, XT"},{"iso6391Locale":"zh","value":"16 点 24V 直流输入，漏型，XT"}],"majRevSeries":["A"],"cip":{"majRev":1,"vendCode":1,"prodType":7,"prodCode":412}},"categories":["Digital","Input"],"ports":[{"portID":"1","type":"5094","downStreamOnly":false,"localOnly":false,"label":"Chassis","width":1,"connectorOffset":0,"noClass1OutRouting":false}],"image":{"icons":[{"key":"aop","path":"Rockwell Software\\RSLogix 5000\\Module Profiles\\RA 5094 Discrete\\5094-stdIOXT.ico"}],"ideIcon":{"name":"device-io-module"}},"ideSupport":{"ideStyle":"AOPCore","minIDEVersion":1,"PVCLSID":"{81E11FFF-A883-4C09-A274-FBCEEF42AE93}","PSCLSID":"{848B1A29-B8C1-4333-89EB-80C2EF30BDD9}"},"ioSupport":{"noRemoteChildren":false,"multicastOnly":false,"unicastOnly":false,"hmiButtonControl":false,"redundancy":{"canExistInRedundantChassis":false},"aggregation":{"neoObjectSupported":{"objectSupported":false},"neoAggregationTarget":{"target":true,"minMajorRev":1},"bankMaster":{"bankMaster":false},"childBankMasterValidation":{"childBankMasterValidation":false}}}}]}
{"_id":{"$oid":"65ea558c29888fda779517f2"},"identity":{"productID":[],"cip":{"vendCode":1,"prodType":7,"prodCode":1217}},"revisions":[{"identity":{"productID":["cip.type:1.7.1217.2"],"vendor":"Rockwell Automation/Allen-Bradley","productType":[],"productName":"5094-OB32","catalog":"5094-OB32","description":[{"iso6391Locale":"en","value":"32 Point 24V DC Output, Source"},{"iso6391Locale":"fr","value":"Sortie 24 V CC, 32 points, source"},{"iso6391Locale":"de","value":"32-Punkt-Ausgang, 24 V DC, stromliefernd"},{"iso6391Locale":"es","value":"Salida de 24 V CC de 32 puntos, origen/surtidor"},{"iso6391Locale":"pt","value":"Saída de 24 V CC de 32 pontos, fonte"},{"iso6391Locale":"it","value":"Uscita 24 V CC a 32 punti, Origine"},{"iso6391Locale":"ja","value":"32 ポイント 24V DC 出力、ソース"},{"iso6391Locale":"ko","value":"32 포인트 24V DC 출력, 소스"},{"iso6391Locale":"zh","value":"32 点 24V 直流输出，源型"}],"majRevSeries":["A"],"cip":{"vendCode":1,"prodType":7,"prodCode":1217,"majRev":2}},"categories":["Digital","Output"],"ports":[{"portID":"1","type":"5094","downStreamOnly":false,"localOnly":false,"label":"Chassis","width":1,"connectorOffset":0,"noClass1OutRouting":false}],"image":{"icons":[{"key":"aop","path":"Rockwell Software\\RSLogix 5000\\Module Profiles\\RA 5094 Discrete\\5094-stdIO.ico"}],"ideIcon":{"name":"device-io-module"}},"ideSupport":{"ideStyle":"AOPCore","minIDEVersion":1,"PVCLSID":"{81E11FFF-A883-4C09-A274-FBCEEF42AE93}","PSCLSID":"{848B1A29-B8C1-4333-89EB-80C2EF30BDD9}"},"ioSupport":{"noRemoteChildren":false,"multicastOnly":false,"unicastOnly":false,"hmiButtonControl":false,"redundancy":{"canExistInRedundantChassis":false},"aggregation":{"neoObjectSupported":{"objectSupported":false},"neoAggregationTarget":{"target":true,"minMajorRev":1},"bankMaster":{"bankMaster":false},"childBankMasterValidation":{"childBankMasterValidation":false}}}}]}
{"_id":{"$oid":"65ea558c29888fda779517f3"},"identity":{"productID":[],"cip":{"vendCode":1,"prodType":7,"prodCode":1218}},"revisions":[{"identity":{"productID":["cip.type:1.7.1218.2"],"vendor":"Rockwell Automation/Allen-Bradley","productType":[],"productName":"5094-OB32XT","catalog":"5094-OB32XT","description":[{"iso6391Locale":"en","value":"32 Point 24V DC Output, Source, XT"},{"iso6391Locale":"fr","value":"Sortie 24 V CC, 32 points, source, XT"},{"iso6391Locale":"de","value":"32-Punkt-Ausgang, 24 V DC, stromliefernd, XT"},{"iso6391Locale":"es","value":"Salida de 24 V CC de 32 puntos, origen/surtidor, XT"},{"iso6391Locale":"pt","value":"Saída de 24 V CC de 32 pontos, fonte, XT"},{"iso6391Locale":"it","value":"Uscita 24 V CC a 32 punti, Origine, XT"},{"iso6391Locale":"ja","value":"32 ポイント 24V DC 出力、ソース、XT"},{"iso6391Locale":"ko","value":"32 포인트 24V DC 출력, 소스, XT"},{"iso6391Locale":"zh","value":"32 点 24V 直流输出，源型，XT"}],"majRevSeries":["A"],"cip":{"vendCode":1,"prodType":7,"prodCode":1218,"majRev":2}},"categories":["Digital","Output"],"ports":[{"portID":"1","type":"5094","downStreamOnly":false,"localOnly":false,"label":"Chassis","width":1,"connectorOffset":0,"noClass1OutRouting":false}],"image":{"icons":[{"key":"aop","path":"Rockwell Software\\RSLogix 5000\\Module Profiles\\RA 5094 Discrete\\5094-stdIOXT.ico"}],"ideIcon":{"name":"device-io-module"}},"ideSupport":{"ideStyle":"AOPCore","minIDEVersion":1,"PVCLSID":"{81E11FFF-A883-4C09-A274-FBCEEF42AE93}","PSCLSID":"{848B1A29-B8C1-4333-89EB-80C2EF30BDD9}"},"ioSupport":{"noRemoteChildren":false,"multicastOnly":false,"unicastOnly":false,"hmiButtonControl":false,"redundancy":{"canExistInRedundantChassis":false},"aggregation":{"neoObjectSupported":{"objectSupported":false},"neoAggregationTarget":{"target":true,"minMajorRev":1},"bankMaster":{"bankMaster":false},"childBankMasterValidation":{"childBankMasterValidation":false}}}}]}
{"_id":{"$oid":"65ea558c29888fda779517f4"},"identity":{"productID":[],"cip":{"vendCode":1,"prodType":7,"prodCode":1225}},"revisions":[{"identity":{"productID":["cip.type:1.7.1225.2"],"vendor":"Rockwell Automation/Allen-Bradley","productType":[],"productName":"5094-OB8","catalog":"5094-OB8","description":[{"iso6391Locale":"en","value":"8 Point 24V DC Output, Source"},{"iso6391Locale":"fr","value":"Sortie 24 V CC, 8 points, source"},{"iso6391Locale":"de","value":"8-Punkt-Ausgang, 24 V DC, stromliefernd"},{"iso6391Locale":"es","value":"Salida de 24 V CC de 8 puntos, origen/surtidor"},{"iso6391Locale":"pt","value":"Saída de 24 V CC de 8 pontos, fonte"},{"iso6391Locale":"it","value":"Uscita 24 V CC a 8 punti, Origine"},{"iso6391Locale":"ja","value":"8 ポイント 24V DC 出力、ソース"},{"iso6391Locale":"ko","value":"8 포인트 24V DC 출력, 소스"},{"iso6391Locale":"zh","value":"8 点 24V 直流输出，源型"}],"majRevSeries":["A"],"cip":{"vendCode":1,"prodType":7,"prodCode":1225,"majRev":2}},"categories":["Digital","Output"],"ports":[{"portID":"1","type":"5094","downStreamOnly":false,"localOnly":false,"label":"Chassis","width":1,"connectorOffset":0,"noClass1OutRouting":false}],"image":{"icons":[{"key":"aop","path":"Rockwell Software\\RSLogix 5000\\Module Profiles\\RA 5094 Discrete\\5094-stdIO.ico"}],"ideIcon":{"name":"device-io-module"}},"ideSupport":{"ideStyle":"AOPCore","minIDEVersion":1,"PVCLSID":"{81E11FFF-A883-4C09-A274-FBCEEF42AE93}","PSCLSID":"{848B1A29-B8C1-4333-89EB-80C2EF30BDD9}"},"ioSupport":{"noRemoteChildren":false,"multicastOnly":false,"unicastOnly":false,"hmiButtonControl":false,"redundancy":{"canExistInRedundantChassis":false},"aggregation":{"neoObjectSupported":{"objectSupported":false},"neoAggregationTarget":{"target":true,"minMajorRev":1},"bankMaster":{"bankMaster":false},"childBankMasterValidation":{"childBankMasterValidation":false}}}}]}
{"_id":{"$oid":"65ea558c29888fda779517f5"},"identity":{"productID":[],"cip":{"vendCode":1,"prodType":7,"prodCode":1226}},"revisions":[{"identity":{"productID":["cip.type:1.7.1226.2"],"vendor":"Rockwell Automation/Allen-Bradley","productType":[],"productName":"5094-OB8XT","catalog":"5094-OB8XT","description":[{"iso6391Locale":"en","value":"8 Point 24V DC Output, Source, XT"},{"iso6391Locale":"fr","value":"Sortie 24 V CC, 8 points, source, XT"},{"iso6391Locale":"de","value":"8-Punkt-Ausgang, 24 V DC, stromliefernd, XT"},{"iso6391Locale":"es","value":"Salida de 24 V CC de 8 puntos, origen/surtidor, XT"},{"iso6391Locale":"pt","value":"Saída de 24 V CC de 8 pontos, fonte, XT"},{"iso6391Locale":"it","value":"Uscita 24 V CC a 8 punti, Origine, XT"},{"iso6391Locale":"ja","value":"8 ポイント 24V DC 出力、ソース、XT"},{"iso6391Locale":"ko","value":"8 포인트 24V DC 출력, 소스, XT"},{"iso6391Locale":"zh","value":"8 点 24V 直流输出，源型，XT"}],"majRevSeries":["A"],"cip":{"vendCode":1,"prodType":7,"prodCode":1226,"majRev":2}},"categories":["Digital","Output"],"ports":[{"portID":"1","type":"5094","downStreamOnly":false,"localOnly":false,"label":"Chassis","width":1,"connectorOffset":0,"noClass1OutRouting":false}],"image":{"icons":[{"key":"aop","path":"Rockwell Software\\RSLogix 5000\\Module Profiles\\RA 5094 Discrete\\5094-stdIOXT.ico"}],"ideIcon":{"name":"device-io-module"}},"ideSupport":{"ideStyle":"AOPCore","minIDEVersion":1,"PVCLSID":"{81E11FFF-A883-4C09-A274-FBCEEF42AE93}","PSCLSID":"{848B1A29-B8C1-4333-89EB-80C2EF30BDD9}"},"ioSupport":{"noRemoteChildren":false,"multicastOnly":false,"unicastOnly":false,"hmiButtonControl":false,"redundancy":{"canExistInRedundantChassis":false},"aggregation":{"neoObjectSupported":{"objectSupported":false},"neoAggregationTarget":{"target":true,"minMajorRev":1},"bankMaster":{"bankMaster":false},"childBankMasterValidation":{"childBankMasterValidation":false}}}}]}
{"_id":{"$oid":"65ea558c29888fda779517f6"},"identity":{"productID":[],"cip":{"vendCode":1,"prodType":7,"prodCode":1221}},"revisions":[{"identity":{"productID":["cip.type:1.7.1221.2"],"vendor":"Rockwell Automation/Allen-Bradley","productType":[],"productName":"5094-OA16","catalog":"5094-OA16","description":[{"iso6391Locale":"en","value":"16 Point 120/240V AC Output"},{"iso6391Locale":"fr","value":"Sortie 120/240 V CA, 16 points"},{"iso6391Locale":"de","value":"16-Punkt-Ausgang, 120/240 V AC"},{"iso6391Locale":"es","value":"Salida de 120/240 V CA de 16 puntos"},{"iso6391Locale":"pt","value":"Saída de 120/240 V CA de 16 pontos"},{"iso6391Locale":"it","value":"Uscita 120/240 V CA a 16 punti"},{"iso6391Locale":"ja","value":"16 ポイント 120/240V AC 出力"},{"iso6391Locale":"ko","value":"16 포인트 120/240V AC 출력"},{"iso6391Locale":"zh","value":"16 点 120/240V 交流输出"}],"majRevSeries":["A"],"cip":{"vendCode":1,"prodType":7,"prodCode":1221,"majRev":2}},"categories":["Digital","Output"],"ports":[{"portID":"1","type":"5094","downStreamOnly":false,"localOnly":false,"label":"Chassis","width":1,"connectorOffset":0,"noClass1OutRouting":false}],"image":{"icons":[{"key":"aop","path":"Rockwell Software\\RSLogix 5000\\Module Profiles\\RA 5094 Discrete\\5094-stdIO.ico"}],"ideIcon":{"name":"device-io-module"}},"ideSupport":{"ideStyle":"AOPCore","minIDEVersion":1,"PVCLSID":"{81E11FFF-A883-4C09-A274-FBCEEF42AE93}","PSCLSID":"{848B1A29-B8C1-4333-89EB-80C2EF30BDD9}"},"ioSupport":{"noRemoteChildren":false,"multicastOnly":false,"unicastOnly":false,"hmiButtonControl":false,"redundancy":{"canExistInRedundantChassis":false},"aggregation":{"neoObjectSupported":{"objectSupported":false},"neoAggregationTarget":{"target":true,"minMajorRev":1},"bankMaster":{"bankMaster":false},"childBankMasterValidation":{"childBankMasterValidation":false}}}}]}
{"_id":{"$oid":"65ea558c29888fda779517f7"},"identity":{"productID":[],"cip":{"vendCode":1,"prodType":7,"prodCode":1222}},"revisions":[{"identity":{"productID":["cip.type:1.7.1222.2"],"vendor":"Rockwell Automation/Allen-Bradley","productType":[],"productName":"5094-OA16XT","catalog":"5094-OA16XT","description":[{"iso6391Locale":"en","value":"16 Point 120/240V AC Output, XT"},{"iso6391Locale":"fr","value":"Sortie 120/240 V CA, 16 points, XT"},{"iso6391Locale":"de","value":"16-Punkt-Ausgang, 120/240 V AC, XT"},{"iso6391Locale":"es","value":"Salida de 120/240 V CA de 16 puntos, XT"},{"iso6391Locale":"pt","value":"Saída de 120/240 V CA de 16 pontos, XT"},{"iso6391Locale":"it","value":"Uscita 120/240 V CA a 16 punti, XT"},{"iso6391Locale":"ja","value":"16 ポイント 120/240V AC 出力、XT"},{"iso6391Locale":"ko","value":"16 포인트 120/240V AC 출력, XT"},{"iso6391Locale":"zh","value":"16 点 120/240V 交流输出，XT"}],"majRevSeries":["A"],"cip":{"vendCode":1,"prodType":7,"prodCode":1222,"majRev":2}},"categories":["Digital","Output"],"ports":[{"portID":"1","type":"5094","downStreamOnly":false,"localOnly":false,"label":"Chassis","width":1,"connectorOffset":0,"noClass1OutRouting":false}],"image":{"icons":[{"key":"aop","path":"Rockwell Software\\RSLogix 5000\\Module Profiles\\RA 5094 Discrete\\5094-stdIOXT.ico"}],"ideIcon":{"name":"device-io-module"}},"ideSupport":{"ideStyle":"AOPCore","minIDEVersion":1,"PVCLSID":"{81E11FFF-A883-4C09-A274-FBCEEF42AE93}","PSCLSID":"{848B1A29-B8C1-4333-89EB-80C2EF30BDD9}"},"ioSupport":{"noRemoteChildren":false,"multicastOnly":false,"unicastOnly":false,"hmiButtonControl":false,"redundancy":{"canExistInRedundantChassis":false},"aggregation":{"neoObjectSupported":{"objectSupported":false},"neoAggregationTarget":{"target":true,"minMajorRev":1},"bankMaster":{"bankMaster":false},"childBankMasterValidation":{"childBankMasterValidation":false}}}}]}
{"_id":{"$oid":"65ea558c29888fda779517f8"},"identity":{"productID":[],"cip":{"vendCode":1,"prodType":7,"prodCode":1219}},"revisions":[{"identity":{"productID":["cip.type:1.7.1219.2"],"vendor":"Rockwell Automation/Allen-Bradley","productType":[],"productName":"5094-IB32","catalog":"5094-IB32","description":[{"iso6391Locale":"en","value":"32 Point 24V DC Input, Sink"},{"iso6391Locale":"fr","value":"Entrée 24 V CC, 32 points, dissipateur"},{"iso6391Locale":"de","value":"32-Punkt-Eingang, 24 V DC, stromziehend"},{"iso6391Locale":"es","value":"Entrada de 24 V CC de 32 puntos, drenador/disipador"},{"iso6391Locale":"pt","value":"Entrada de 24 V CC de 32 pontos, dreno"},{"iso6391Locale":"it","value":"Ingresso 24 V CC a 32 punti, Sink"},{"iso6391Locale":"ja","value":"32 ポイント 24V DC 入力、シンク"},{"iso6391Locale":"ko","value":"32 포인트 24V DC 입력, 싱크"},{"iso6391Locale":"zh","value":"32 点 24V 直流输入，漏型"}],"majRevSeries":["A"],"cip":{"vendCode":1,"prodType":7,"prodCode":1219,"majRev":2}},"categories":["Digital","Input"],"ports":[{"portID":"1","type":"5094","downStreamOnly":false,"localOnly":false,"label":"Chassis","width":1,"connectorOffset":0,"noClass1OutRouting":false}],"image":{"icons":[{"key":"aop","path":"Rockwell Software\\RSLogix 5000\\Module Profiles\\RA 5094 Discrete\\5094-stdIO.ico"}],"ideIcon":{"name":"device-io-module"}},"ideSupport":{"ideStyle":"AOPCore","minIDEVersion":1,"PVCLSID":"{81e11fff-a883-4c09-a274-fbceef42ae93}","PSCLSID":"{848B1A29-B8C1-4333-89EB-80C2EF30BDD9}"},"ioSupport":{"noRemoteChildren":false,"multicastOnly":false,"unicastOnly":false,"hmiButtonControl":false,"redundancy":{"canExistInRedundantChassis":false},"aggregation":{"neoObjectSupported":{"objectSupported":false},"neoAggregationTarget":{"target":true,"minMajorRev":1},"bankMaster":{"bankMaster":false},"childBankMasterValidation":{"childBankMasterValidation":false}}}}]}
{"_id":{"$oid":"65ea558c29888fda779517f9"},"identity":{"productID":[],"cip":{"vendCode":1,"prodType":7,"prodCode":1220}},"revisions":[{"identity":{"productID":["cip.type:1.7.1220.2"],"vendor":"Rockwell Automation/Allen-Bradley","productType":[],"productName":"5094-IB32XT","catalog":"5094-IB32XT","description":[{"iso6391Locale":"en","value":"32 Point 24V DC Input, Sink, XT"},{"iso6391Locale":"fr","value":"Entrée 24 V CC, 32 points, dissipateur, XT"},{"iso6391Locale":"de","value":"32-Punkt-Eingang, 24 V DC, stromziehend, XT"},{"iso6391Locale":"es","value":"Entrada de 24 V CC de 32 puntos, drenador/disipador, XT"},{"iso6391Locale":"pt","value":"Entrada de 24 V CC de 32 pontos, dreno, XT"},{"iso6391Locale":"it","value":"Ingresso 24 V CC a 32 punti, Sink, XT"},{"iso6391Locale":"ja","value":"32 ポイント 24V DC 入力、シンク、XT"},{"iso6391Locale":"ko","value":"32 포인트 24V DC 입력, 싱크, XT"},{"iso6391Locale":"zh","value":"32 点 24V 直流输入，漏型，XT"}],"majRevSeries":["A"],"cip":{"vendCode":1,"prodType":7,"prodCode":1220,"majRev":2}},"categories":["Digital","Input"],"ports":[{"portID":"1","type":"5094","downStreamOnly":false,"localOnly":false,"label":"Chassis","width":1,"connectorOffset":0,"noClass1OutRouting":false}],"image":{"icons":[{"key":"aop","path":"Rockwell Software\\RSLogix 5000\\Module Profiles\\RA 5094 Discrete\\5094-stdIOXT.ico"}],"ideIcon":{"name":"device-io-module"}},"ideSupport":{"ideStyle":"AOPCore","minIDEVersion":1,"PVCLSID":"{81E11FFF-A883-4C09-A274-FBCEEF42AE93}","PSCLSID":"{848B1A29-B8C1-4333-89EB-80C2EF30BDD9}"},"ioSupport":{"noRemoteChildren":false,"multicastOnly":false,"unicastOnly":false,"hmiButtonControl":false,"redundancy":{"canExistInRedundantChassis":false},"aggregation":{"neoObjectSupported":{"objectSupported":false},"neoAggregationTarget":{"target":true,"minMajorRev":1},"bankMaster":{"bankMaster":false},"childBankMasterValidation":{"childBankMasterValidation":false}}}}]}
{"_id":{"$oid":"65ea558c29888fda779517fa"},"identity":{"productID":[],"cip":{"vendCode":1,"prodType":7,"prodCode":1223}},"revisions":[{"identity":{"productID":["cip.type:1.7.1223.2"],"vendor":"Rockwell Automation/Allen-Bradley","productType":[],"productName":"5094-IA16","catalog":"5094-IA16","description":[{"iso6391Locale":"en","value":"16 Point 120V AC Input"},{"iso6391Locale":"fr","value":"Entrée 120 V CA, 16 points"},{"iso6391Locale":"de","value":"16-Punkt-Eingang, 120 V AC"},{"iso6391Locale":"es","value":"Entrada de 120 V CA de 16 puntos"},{"iso6391Locale":"pt","value":"Entrada de 120 V CA de 16 pontos"},{"iso6391Locale":"it","value":"Ingresso 120 V CA a 16 punti"},{"iso6391Locale":"ja","value":"16 ポイント 120V AC 入力"},{"iso6391Locale":"ko","value":"16 포인트 120V AC 입력"},{"iso6391Locale":"zh","value":"16 点 120V 交流输入"}],"majRevSeries":["A"],"cip":{"vendCode":1,"prodType":7,"prodCode":1223,"majRev":2}},"categories":["Digital","Input"],"ports":[{"portID":"1","type":"5094","downStreamOnly":false,"localOnly":false,"label":"Chassis","width":1,"connectorOffset":0,"noClass1OutRouting":false}],"image":{"icons":[{"key":"aop","path":"Rockwell Software\\RSLogix 5000\\Module Profiles\\RA 5094 Discrete\\5094-stdIO.ico"}],"ideIcon":{"name":"device-io-module"}},"ideSupport":{"ideStyle":"AOPCore","minIDEVersion":1,"PVCLSID":"{81E11FFF-A883-4C09-A274-FBCEEF42AE93}","PSCLSID":"{848B1A29-B8C1-4333-89EB-80C2EF30BDD9}"},"ioSupport":{"noRemoteChildren":false,"multicastOnly":false,"unicastOnly":false,"hmiButtonControl":false,"redundancy":{"canExistInRedundantChassis":false},"aggregation":{"neoObjectSupported":{"objectSupported":false},"neoAggregationTarget":{"target":true,"minMajorRev":2},"bankMaster":{"bankMaster":false},"childBankMasterValidation":{"childBankMasterValidation":false}}}}]}
{"_id":{"$oid":"65ea558c29888fda779517fb"},"identity":{"productID":[],"cip":{"vendCode":1,"prodType":7,"prodCode":1224}},"revisions":[{"identity":{"productID":["cip.type:1.7.1224.2"],"vendor":"Rockwell Automation/Allen-Bradley","productType":[],"productName":"5094-IA16XT","catalog":"5094-IA16XT","description":[{"iso6391Locale":"en","value":"16 Point 120V AC Input, XT"},{"iso6391Locale":"fr","value":"Entrée 120 V CA, 16 points, XT"},{"iso6391Locale":"de","value":"16-Punkt-Eingang, 120 V AC, XT"},{"iso6391Locale":"es","value":"Entrada de 120 V CA de 16 puntos, XT"},{"iso6391Locale":"pt","value":"Entrada de 120 V CA de 16 pontos, XT"},{"iso6391Locale":"it","value":"Ingresso 120 V CA a 16 punti, XT"},{"iso6391Locale":"ja","value":"16 ポイント 120V AC 入力、XT"},{"iso6391Locale":"ko","value":"16 포인트 120V AC 입력, XT"},{"iso6391Locale":"zh","value":"16 点 120V 交流输入，XT"}],"majRevSeries":["A"],"cip":{"vendCode":1,"prodType":7,"prodCode":1224,"majRev":2}},"categories":["Digital","Input"],"ports":[{"portID":"1","type":"5094","downStreamOnly":false,"localOnly":false,"label":"Chassis","width":1,"connectorOffset":0,"noClass1OutRouting":false}],"image":{"icons":[{"key":"aop","path":"Rockwell Software\\RSLogix 5000\\Module Profiles\\RA 5094 Discrete\\5094-stdIOXT.ico"}],"ideIcon":{"name":"device-io-module"}},"ideSupport":{"ideStyle":"AOPCore","minIDEVersion":1,"PVCLSID":"{81e11fff-a883-4c09-a274-fbceef42ae93}","PSCLSID":"{848B1A29-B8C1-4333-89EB-80C2EF30BDD9}"},"ioSupport":{"noRemoteChildren":false,"multicastOnly":false,"unicastOnly":false,"hmiButtonControl":false,"redundancy":{"canExistInRedundantChassis":false},"aggregation":{"neoObjectSupported":{"objectSupported":false},"neoAggregationTarget":{"target":true,"minMajorRev":1},"bankMaster":{"bankMaster":false},"childBankMasterValidation":{"childBankMasterValidation":false}}}}]}
{"_id":{"$oid":"65ea558c29888fda779517fc"},"identity":{"productID":[],"cip":{"vendCode":1,"prodType":7,"prodCode":423}},"revisions":[{"identity":{"productID":["cip.type:1.7.423.2"],"vendor":"Rockwell Automation/Allen-Bradley","productType":[],"productName":"5094-IM8","catalog":"5094-IM8","description":[{"iso6391Locale":"en","value":"8 Point 240V AC Input"},{"iso6391Locale":"fr","value":"Entrée 240 V CA, 8 points"},{"iso6391Locale":"de","value":"8-Punkt-Eingang, 240V AC"},{"iso6391Locale":"es","value":"Entrada de 240 V CA, de 8 puntos"},{"iso6391Locale":"pt","value":"Entrada de 240V CA de 8 pontos"},{"iso6391Locale":"it","value":"Ingresso 240 V CA a 8 punti"},{"iso6391Locale":"ja","value":"8 ポイント 240V AC 入力"},{"iso6391Locale":"ko","value":"8 포인트 240V AC 입력"},{"iso6391Locale":"zh","value":"8 点 240V 交流输入"}],"majRevSeries":["A"],"cip":{"vendCode":1,"prodType":7,"prodCode":423,"majRev":2}},"categories":["Digital","Input"],"ports":[{"portID":"1","type":"5094","downStreamOnly":false,"localOnly":false,"label":"Chassis","width":1,"connectorOffset":0,"noClass1OutRouting":false}],"image":{"icons":[{"key":"aop","path":"Rockwell Software\\RSLogix 5000\\Module Profiles\\RA 5094 Discrete\\5094-stdIO.ico"}],"ideIcon":{"name":"device-io-module"}},"ideSupport":{"ideStyle":"AOPCore","minIDEVersion":1,"PVCLSID":"{81E11FFF-A883-4C09-A274-FBCEEF42AE93}","PSCLSID":"{848B1A29-B8C1-4333-89EB-80C2EF30BDD9}"},"ioSupport":{"noRemoteChildren":false,"multicastOnly":false,"unicastOnly":false,"hmiButtonControl":false,"redundancy":{"canExistInRedundantChassis":false},"aggregation":{"neoObjectSupported":{"objectSupported":false},"neoAggregationTarget":{"target":true,"minMajorRev":2},"bankMaster":{"bankMaster":false},"childBankMasterValidation":{"childBankMasterValidation":false}}}}]}
{"_id":{"$oid":"65ea558c29888fda779517fd"},"identity":{"productID":[],"cip":{"vendCode":1,"prodType":7,"prodCode":387}},"revisions":[{"identity":{"productID":["cip.type:1.7.387.2"],"vendor":"Rockwell Automation/Allen-Bradley","productType":[],"productName":"5094-IM8XT","catalog":"5094-IM8XT","description":[{"iso6391Locale":"en","value":"8 Point 240V AC Input, XT"},{"iso6391Locale":"fr","value":"Entrée 240 V CA, 8 points, XT"},{"iso6391Locale":"de","value":"8-Punkt-Eingang, 240V AC, XT"},{"iso6391Locale":"es","value":"Entrada de 240 V CA, de 8 puntos XT"},{"iso6391Locale":"pt","value":"Entrada de 240V CA de 8 pontos, XT"},{"iso6391Locale":"it","value":"Ingresso 240 V CA a 8 punti, XT"},{"iso6391Locale":"ja","value":"8 ポイント 240V AC 入力、XT"},{"iso6391Locale":"ko","value":"8 포인트 240V AC 입력, XT"},{"iso6391Locale":"zh","value":"8 点 240V 交流输入，XT"}],"majRevSeries":["A"],"cip":{"vendCode":1,"prodType":7,"prodCode":387,"majRev":2}},"categories":["Digital","Input"],"ports":[{"portID":"1","type":"5094","downStreamOnly":false,"localOnly":false,"label":"Chassis","width":1,"connectorOffset":0,"noClass1OutRouting":false}],"image":{"icons":[{"key":"aop","path":"Rockwell Software\\RSLogix 5000\\Module Profiles\\RA 5094 Discrete\\5094-stdIOXT.ico"}],"ideIcon":{"name":"device-io-module"}},"ideSupport":{"ideStyle":"AOPCore","minIDEVersion":1,"PVCLSID":"{81E11FFF-A883-4C09-A274-FBCEEF42AE93}","PSCLSID":"{848B1A29-B8C1-4333-89EB-80C2EF30BDD9}"},"ioSupport":{"noRemoteChildren":false,"multicastOnly":false,"unicastOnly":false,"hmiButtonControl":false,"redundancy":{"canExistInRedundantChassis":false},"aggregation":{"neoObjectSupported":{"objectSupported":false},"neoAggregationTarget":{"target":true,"minMajorRev":1},"bankMaster":{"bankMaster":false},"childBankMasterValidation":{"childBankMasterValidation":false}}}}]}
{"_id":{"$oid":"65ea558c29888fda779517fe"},"identity":{"productID":[],"cip":{"vendCode":1,"prodType":115,"prodCode":323}},"revisions":[{"identity":{"productID":["cip.type:1.115.323.3"],"vendor":"Rockwell Automation/Allen-Bradley","productType":[],"productName":"5094-IF8IH","catalog":"5094-IF8IH","description":[{"iso6391Locale":"en","value":"8 Channel HART Analog/Digital Input, Isolated"},{"iso6391Locale":"fr","value":"Entrée analogique/numérique HART 8 canaux, isolée"},{"iso6391Locale":"de","value":"8-Kanal-HART-Analog-/Digitaleingang, isoliert"},{"iso6391Locale":"es","value":"Entrada analógica/digital HART de 8 canales, aislada"},{"iso6391Locale":"pt","value":"Entrada analógica/digital HART de 8 canais, isolada"},{"iso6391Locale":"it","value":"Ingresso analogico/digitale HART a 8 canali, isolato"},{"iso6391Locale":"ja","value":"8 チャネル HART アナログ/デジタル入力、絶縁"},{"iso6391Locale":"ko","value":"8 채널 HART 아날로그/디지털 입력, 격리식"},{"iso6391Locale":"zh","value":"8 通道 HART 模拟/数字输入，隔离式"}],"majRevSeries":["A"],"cip":{"vendCode":1,"prodType":115,"prodCode":323,"majRev":3}},"categories":["Analog","Input"],"ports":[{"portID":"2","type":"HART","downStreamOnly":true,"localOnly":false,"label":"HART","width":1,"connectorOffset":0,"noClass1OutRouting":false},{"portID":"1","type":"5094","downStreamOnly":false,"localOnly":false,"label":"Chassis","width":1,"connectorOffset":0,"noClass1OutRouting":false}],"image":{"icons":[{"key":"aop","path":"Rockwell Software\\RSLogix 5000\\Module Profiles\\RA 5094 Analog HART\\5094-stdIO.ico"}],"ideIcon":{"name":"device-io-module"}},"ideSupport":{"ideStyle":"AOPCore","minIDEVersion":1,"PVCLSID":"{81E11FFF-A883-4C09-A274-FBCEEF42AE93}","PSCLSID":"{848B1A29-B8C1-4333-89EB-80C2EF30BDD9}"},"ioSupport":{"noRemoteChildren":false,"multicastOnly":false,"unicastOnly":false,"hmiButtonControl":false,"redundancy":{"canExistInRedundantChassis":false},"aggregation":{"neoObjectSupported":{"objectSupported":false},"neoAggregationTarget":{"target":false},"bankMaster":{"bankMaster":false},"childBankMasterValidation":{"childBankMasterValidation":false}}}},{"identity":{"productID":["cip.type:1.115.323.2"],"vendor":"Rockwell Automation/Allen-Bradley","productType":[],"productName":"5094-IF8IH","catalog":"5094-IF8IH","description":[{"iso6391Locale":"en","value":"8 Channel HART Analog/Digital Input, Isolated"},{"iso6391Locale":"fr","value":"Entrée analogique/numérique HART 8 canaux, isolée"},{"iso6391Locale":"de","value":"8-Kanal-HART-Analog-/Digitaleingang, isoliert"},{"iso6391Locale":"es","value":"Entrada analógica/digital HART de 8 canales, aislada"},{"iso6391Locale":"pt","value":"Entrada analógica/digital HART de 8 canais, isolada"},{"iso6391Locale":"it","value":"Ingresso analogico/digitale HART a 8 canali, isolato"},{"iso6391Locale":"ja","value":"8 チャネル HART アナログ/デジタル入力、絶縁"},{"iso6391Locale":"ko","value":"8 채널 HART 아날로그/디지털 입력, 격리식"},{"iso6391Locale":"zh","value":"8 通道 HART 模拟/数字输入，隔离式"}],"majRevSeries":["A"],"cip":{"majRev":2,"vendCode":1,"prodType":115,"prodCode":323}},"categories":["Analog","Input"],"ports":[{"portID":"2","type":"HART","downStreamOnly":true,"localOnly":false,"label":"HART","width":1,"connectorOffset":0,"noClass1OutRouting":false},{"portID":"1","type":"5094","downStreamOnly":false,"localOnly":false,"label":"Chassis","width":1,"connectorOffset":0,"noClass1OutRouting":false}],"image":{"icons":[{"key":"aop","path":"Rockwell Software\\RSLogix 5000\\Module Profiles\\RA 5094 Analog HART\\5094-stdIO.ico"}],"ideIcon":{"name":"device-io-module"}},"ideSupport":{"ideStyle":"AOPCore","minIDEVersion":1,"PVCLSID":"{81E11FFF-A883-4C09-A274-FBCEEF42AE93}","PSCLSID":"{848B1A29-B8C1-4333-89EB-80C2EF30BDD9}"},"ioSupport":{"noRemoteChildren":false,"multicastOnly":false,"unicastOnly":false,"hmiButtonControl":false,"redundancy":{"canExistInRedundantChassis":false},"aggregation":{"neoObjectSupported":{"objectSupported":false},"neoAggregationTarget":{"target":false},"bankMaster":{"bankMaster":false},"childBankMasterValidation":{"childBankMasterValidation":false}}}}]}
{"_id":{"$oid":"65ea558c29888fda779517ff"},"identity":{"productID":[],"cip":{"vendCode":1,"prodType":115,"prodCode":328}},"revisions":[{"identity":{"productID":["cip.type:1.115.328.3"],"vendor":"Rockwell Automation/Allen-Bradley","productType":[],"productName":"5094-IF8IHXT","catalog":"5094-IF8IHXT","description":[{"iso6391Locale":"en","value":"8 Channel HART Analog/Digital Input, Isolated, XT"},{"iso6391Locale":"fr","value":"Entrée analogique/numérique HART 8 canaux, isolée, XT"},{"iso6391Locale":"de","value":"8-Kanal-HART-Analog-/Digitaleingang, isoliert, XT"},{"iso6391Locale":"es","value":"Entrada analógica/digital HART de 8 canales, aislada, XT"},{"iso6391Locale":"pt","value":"Entrada analógica/digital HART de 8 canais, isolada, XT"},{"iso6391Locale":"it","value":"Ingresso analogico/digitale HART a 8 canali, isolato, XT"},{"iso6391Locale":"ja","value":"8 チャネル HART アナログ/デジタル入力、絶縁、XT"},{"iso6391Locale":"ko","value":"8 채널 HART 아날로그/디지털 입력, 격리식, XT"},{"iso6391Locale":"zh","value":"8 通道 HART 模拟/数字输入，隔离式，XT"}],"majRevSeries":["A"],"cip":{"vendCode":1,"prodType":115,"prodCode":328,"majRev":3}},"categories":["Analog","Input"],"ports":[{"portID":"2","type":"HART","downStreamOnly":true,"localOnly":false,"label":"HART","width":1,"connectorOffset":0,"noClass1OutRouting":false},{"portID":"1","type":"5094","downStreamOnly":false,"localOnly":false,"label":"Chassis","width":1,"connectorOffset":0,"noClass1OutRouting":false}],"image":{"icons":[{"key":"aop","path":"Rockwell Software\\RSLogix 5000\\Module Profiles\\RA 5094 Analog HART\\5094-stdIOXT.ico"}],"ideIcon":{"name":"device-io-module"}},"ideSupport":{"ideStyle":"AOPCore","minIDEVersion":1,"PVCLSID":"{81E11FFF-A883-4C09-A274-FBCEEF42AE93}","PSCLSID":"{848B1A29-B8C1-4333-89EB-80C2EF30BDD9}"},"ioSupport":{"noRemoteChildren":false,"multicastOnly":false,"unicastOnly":false,"hmiButtonControl":false,"redundancy":{"canExistInRedundantChassis":false},"aggregation":{"neoObjectSupported":{"objectSupported":false},"neoAggregationTarget":{"target":false},"bankMaster":{"bankMaster":false},"childBankMasterValidation":{"childBankMasterValidation":false}}}},{"identity":{"productID":["cip.type:1.115.328.2"],"vendor":"Rockwell Automation/Allen-Bradley","productType":[],"productName":"5094-IF8IHXT","catalog":"5094-IF8IHXT","description":[{"iso6391Locale":"en","value":"8 Channel HART Analog/Digital Input, Isolated, XT"},{"iso6391Locale":"fr","value":"Entrée analogique/numérique HART 8 canaux, isolée, XT"},{"iso6391Locale":"de","value":"8-Kanal-HART-Analog-/Digitaleingang, isoliert, XT"},{"iso6391Locale":"es","value":"Entrada analógica/digital HART de 8 canales, aislada, XT"},{"iso6391Locale":"pt","value":"Entrada analógica/digital HART de 8 canais, isolada, XT"},{"iso6391Locale":"it","value":"Ingresso analogico/digitale HART a 8 canali, isolato, XT"},{"iso6391Locale":"ja","value":"8 チャネル HART アナログ/デジタル入力、絶縁、XT"},{"iso6391Locale":"ko","value":"8 채널 HART 아날로그/디지털 입력, 격리식, XT"},{"iso6391Locale":"zh","value":"8 通道 HART 模拟/数字输入，隔离式，XT"}],"majRevSeries":["A"],"cip":{"majRev":2,"vendCode":1,"prodType":115,"prodCode":328}},"categories":["Analog","Input"],"ports":[{"portID":"2","type":"HART","downStreamOnly":true,"localOnly":false,"label":"HART","width":1,"connectorOffset":0,"noClass1OutRouting":false},{"portID":"1","type":"5094","downStreamOnly":false,"localOnly":false,"label":"Chassis","width":1,"connectorOffset":0,"noClass1OutRouting":false}],"image":{"icons":[{"key":"aop","path":"Rockwell Software\\RSLogix 5000\\Module Profiles\\RA 5094 Analog HART\\5094-stdIOXT.ico"}],"ideIcon":{"name":"device-io-module"}},"ideSupport":{"ideStyle":"AOPCore","minIDEVersion":1,"PVCLSID":"{81E11FFF-A883-4C09-A274-FBCEEF42AE93}","PSCLSID":"{848B1A29-B8C1-4333-89EB-80C2EF30BDD9}"},"ioSupport":{"noRemoteChildren":false,"multicastOnly":false,"unicastOnly":false,"hmiButtonControl":false,"redundancy":{"canExistInRedundantChassis":false},"aggregation":{"neoObjectSupported":{"objectSupported":false},"neoAggregationTarget":{"target":false},"bankMaster":{"bankMaster":false},"childBankMasterValidation":{"childBankMasterValidation":false}}}}]}
{"_id":{"$oid":"65ea558c29888fda77951800"},"identity":{"productID":[],"cip":{"vendCode":1,"prodType":115,"prodCode":324}},"revisions":[{"identity":{"productID":["cip.type:1.115.324.3"],"vendor":"Rockwell Automation/Allen-Bradley","productType":[],"productName":"5094-OF8IH","catalog":"5094-OF8IH","description":[{"iso6391Locale":"en","value":"8 Channel HART Analog Output, Isolated"},{"iso6391Locale":"fr","value":"Sortie analogique HART 8 canaux, isolée"},{"iso6391Locale":"de","value":"8-Kanal-HART-Analogausgang, isoliert"},{"iso6391Locale":"es","value":"Salida analógica HART de 8 canales, aislada"},{"iso6391Locale":"pt","value":"Saída analógica HART de 8 canais, isolada"},{"iso6391Locale":"it","value":"Uscita analogica HART a 8 canali, isolata"},{"iso6391Locale":"ja","value":"8 チャネル HART アナログ出力、絶縁"},{"iso6391Locale":"ko","value":"8 채널 HART 아날로그 출력, 격리식"},{"iso6391Locale":"zh","value":"8 通道 HART 模拟输出，隔离式"}],"majRevSeries":["A"],"cip":{"vendCode":1,"prodType":115,"prodCode":324,"majRev":3}},"categories":["Analog","Output"],"ports":[{"portID":"2","type":"HART","downStreamOnly":true,"localOnly":false,"label":"HART","width":1,"connectorOffset":0,"noClass1OutRouting":false},{"portID":"1","type":"5094","downStreamOnly":false,"localOnly":false,"label":"Chassis","width":1,"connectorOffset":0,"noClass1OutRouting":false}],"image":{"icons":[{"key":"aop","path":"Rockwell Software\\RSLogix 5000\\Module Profiles\\RA 5094 Analog HART\\5094-stdIO.ico"}],"ideIcon":{"name":"device-io-module"}},"ideSupport":{"ideStyle":"AOPCore","minIDEVersion":1,"PVCLSID":"{81E11FFF-A883-4C09-A274-FBCEEF42AE93}","PSCLSID":"{848B1A29-B8C1-4333-89EB-80C2EF30BDD9}"},"ioSupport":{"noRemoteChildren":false,"multicastOnly":false,"unicastOnly":false,"hmiButtonControl":false,"redundancy":{"canExistInRedundantChassis":false},"aggregation":{"neoObjectSupported":{"objectSupported":false},"neoAggregationTarget":{"target":false},"bankMaster":{"bankMaster":false},"childBankMasterValidation":{"childBankMasterValidation":false}}}},{"identity":{"productID":["cip.type:1.115.324.2"],"vendor":"Rockwell Automation/Allen-Bradley","productType":[],"productName":"5094-OF8IH","catalog":"5094-OF8IH","description":[{"iso6391Locale":"en","value":"8 Channel HART Analog Output, Isolated"},{"iso6391Locale":"fr","value":"Sortie analogique HART 8 canaux, isolée"},{"iso6391Locale":"de","value":"8-Kanal-HART-Analogausgang, isoliert"},{"iso6391Locale":"es","value":"Salida analógica HART de 8 canales, aislada"},{"iso6391Locale":"pt","value":"Saída analógica HART de 8 canais, isolada"},{"iso6391Locale":"it","value":"Uscita analogica HART a 8 canali, isolata"},{"iso6391Locale":"ja","value":"8 チャネル HART アナログ出力、絶縁"},{"iso6391Locale":"ko","value":"8 채널 HART 아날로그 출력, 격리식"},{"iso6391Locale":"zh","value":"8 通道 HART 模拟输出，隔离式"}],"majRevSeries":["A"],"cip":{"majRev":2,"vendCode":1,"prodType":115,"prodCode":324}},"categories":["Analog","Output"],"ports":[{"portID":"2","type":"HART","downStreamOnly":true,"localOnly":false,"label":"HART","width":1,"connectorOffset":0,"noClass1OutRouting":false},{"portID":"1","type":"5094","downStreamOnly":false,"localOnly":false,"label":"Chassis","width":1,"connectorOffset":0,"noClass1OutRouting":false}],"image":{"icons":[{"key":"aop","path":"Rockwell Software\\RSLogix 5000\\Module Profiles\\RA 5094 Analog HART\\5094-stdIO.ico"}],"ideIcon":{"name":"device-io-module"}},"ideSupport":{"ideStyle":"AOPCore","minIDEVersion":1,"PVCLSID":"{81E11FFF-A883-4C09-A274-FBCEEF42AE93}","PSCLSID":"{848B1A29-B8C1-4333-89EB-80C2EF30BDD9}"},"ioSupport":{"noRemoteChildren":false,"multicastOnly":false,"unicastOnly":false,"hmiButtonControl":false,"redundancy":{"canExistInRedundantChassis":false},"aggregation":{"neoObjectSupported":{"objectSupported":false},"neoAggregationTarget":{"target":false},"bankMaster":{"bankMaster":false},"childBankMasterValidation":{"childBankMasterValidation":false}}}}]}
{"_id":{"$oid":"65ea558c29888fda77951801"},"identity":{"productID":[],"cip":{"vendCode":1,"prodType":115,"prodCode":329}},"revisions":[{"identity":{"productID":["cip.type:1.115.329.3"],"vendor":"Rockwell Automation/Allen-Bradley","productType":[],"productName":"5094-OF8IHXT","catalog":"5094-OF8IHXT","description":[{"iso6391Locale":"en","value":"8 Channel HART Analog Output, Isolated, XT"},{"iso6391Locale":"fr","value":"Sortie analogique HART 8 canaux, isolée, XT"},{"iso6391Locale":"de","value":"8-Kanal-HART-Analogausgang, isoliert, XT"},{"iso6391Locale":"es","value":"Salida analógica HART de 8 canales, aislada, XT"},{"iso6391Locale":"pt","value":"Saída analógica HART de 8 canais, isolada, XT"},{"iso6391Locale":"it","value":"Uscita analogica HART a 8 canali, isolata, XT"},{"iso6391Locale":"ja","value":"8 チャネル HART アナログ出力、絶縁、XT"},{"iso6391Locale":"ko","value":"8 채널 HART 아날로그 출력, 격리식, XT"},{"iso6391Locale":"zh","value":"8 通道 HART 模拟输出，隔离式，XT"}],"majRevSeries":["A"],"cip":{"vendCode":1,"prodType":115,"prodCode":329,"majRev":3}},"categories":["Analog","Output"],"ports":[{"portID":"2","type":"HART","downStreamOnly":true,"localOnly":false,"label":"HART","width":1,"connectorOffset":0,"noClass1OutRouting":false},{"portID":"1","type":"5094","downStreamOnly":false,"localOnly":false,"label":"Chassis","width":1,"connectorOffset":0,"noClass1OutRouting":false}],"image":{"icons":[{"key":"aop","path":"Rockwell Software\\RSLogix 5000\\Module Profiles\\RA 5094 Analog HART\\5094-stdIOXT.ico"}],"ideIcon":{"name":"device-io-module"}},"ideSupport":{"ideStyle":"AOPCore","minIDEVersion":1,"PVCLSID":"{81E11FFF-A883-4C09-A274-FBCEEF42AE93}","PSCLSID":"{848B1A29-B8C1-4333-89EB-80C2EF30BDD9}"},"ioSupport":{"noRemoteChildren":false,"multicastOnly":false,"unicastOnly":false,"hmiButtonControl":false,"redundancy":{"canExistInRedundantChassis":false},"aggregation":{"neoObjectSupported":{"objectSupported":false},"neoAggregationTarget":{"target":false},"bankMaster":{"bankMaster":false},"childBankMasterValidation":{"childBankMasterValidation":false}}}},{"identity":{"productID":["cip.type:1.115.329.2"],"vendor":"Rockwell Automation/Allen-Bradley","productType":[],"productName":"5094-OF8IHXT","catalog":"5094-OF8IHXT","description":[{"iso6391Locale":"en","value":"8 Channel HART Analog Output, Isolated, XT"},{"iso6391Locale":"fr","value":"Sortie analogique HART 8 canaux, isolée, XT"},{"iso6391Locale":"de","value":"8-Kanal-HART-Analogausgang, isoliert, XT"},{"iso6391Locale":"es","value":"Salida analógica HART de 8 canales, aislada, XT"},{"iso6391Locale":"pt","value":"Saída analógica HART de 8 canais, isolada, XT"},{"iso6391Locale":"it","value":"Uscita analogica HART a 8 canali, isolata, XT"},{"iso6391Locale":"ja","value":"8 チャネル HART アナログ出力、絶縁、XT"},{"iso6391Locale":"ko","value":"8 채널 HART 아날로그 출력, 격리식, XT"},{"iso6391Locale":"zh","value":"8 通道 HART 模拟输出，隔离式，XT"}],"majRevSeries":["A"],"cip":{"majRev":2,"vendCode":1,"prodType":115,"prodCode":329}},"categories":["Analog","Output"],"ports":[{"portID":"2","type":"HART","downStreamOnly":true,"localOnly":false,"label":"HART","width":1,"connectorOffset":0,"noClass1OutRouting":false},{"portID":"1","type":"5094","downStreamOnly":false,"localOnly":false,"label":"Chassis","width":1,"connectorOffset":0,"noClass1OutRouting":false}],"image":{"icons":[{"key":"aop","path":"Rockwell Software\\RSLogix 5000\\Module Profiles\\RA 5094 Analog HART\\5094-stdIOXT.ico"}],"ideIcon":{"name":"device-io-module"}},"ideSupport":{"ideStyle":"AOPCore","minIDEVersion":1,"PVCLSID":"{81E11FFF-A883-4C09-A274-FBCEEF42AE93}","PSCLSID":"{848B1A29-B8C1-4333-89EB-80C2EF30BDD9}"},"ioSupport":{"noRemoteChildren":false,"multicastOnly":false,"unicastOnly":false,"hmiButtonControl":false,"redundancy":{"canExistInRedundantChassis":false},"aggregation":{"neoObjectSupported":{"objectSupported":false},"neoAggregationTarget":{"target":false},"bankMaster":{"bankMaster":false},"childBankMasterValidation":{"childBankMasterValidation":false}}}}]}
{"_id":{"$oid":"65ea558c29888fda77951802"},"identity":{"productID":[],"cip":{"vendCode":1,"prodType":3,"prodCode":300}},"revisions":[{"identity":{"productID":["cip.type:1.3.300.1"],"vendor":"Rockwell Automation/Allen-Bradley","productType":[{"iso6391Locale":"en","value":"Motor Overload"}],"productName":"E1 Plus","catalog":"E1 Plus","description":[{"iso6391Locale":"en","value":"Electronic Overload Relay Communications Interface"},{"iso6391Locale":"fr","value":"Electronic Overload Relay Communications Interface"},{"iso6391Locale":"de","value":"Electronic Overload Relay Communications Interface"},{"iso6391Locale":"es","value":"Electronic Overload Relay Communications Interface"},{"iso6391Locale":"pt","value":"Electronic Overload Relay Communications Interface"},{"iso6391Locale":"it","value":"Electronic Overload Relay Communications Interface"},{"iso6391Locale":"ja","value":"Electronic Overload Relay Communications Interface"},{"iso6391Locale":"ko","value":"Electronic Overload Relay Communications Interface"},{"iso6391Locale":"zh","value":"Electronic Overload Relay Communications Interface"}],"majRevSeries":["A"],"cip":{"vendCode":1,"prodType":3,"prodCode":300,"majRev":1}},"categories":["Communication"],"ports":[{"portID":"1","type":"Ethernet","downStreamOnly":false,"localOnly":false,"width":1,"connectorOffset":0,"noClass1OutRouting":false}],"image":{"ideIcon":{"name":"device-stand-alone-ethernet"}},"ideSupport":{"minIDEVersion":1,"PVCLSID":"{81e11fff-a883-4c09-a274-fbceef42ae93}","PSCLSID":"{848B1A29-B8C1-4333-89EB-80C2EF30BDD9}"},"ioSupport":{"noRemoteChildren":false,"multicastOnly":false,"unicastOnly":false,"hmiButtonControl":false,"redundancy":{"canExistInRedundantChassis":false}}}]}
{"_id":{"$oid":"65ea558c29888fda77951803"},"identity":{"productID":[],"cip":{"vendCode":1,"prodType":3,"prodCode":651}},"revisions":[{"identity":{"productID":["cip.type:1.3.651.7"],"vendor":"Rockwell Automation/Allen-Bradley","productType":[{"iso6391Locale":"en","value":"Motor Overload"}],"productName":"193-ECM-ETR","catalog":"193-ECM-ETR","description":[{"iso6391Locale":"en","value":"E300 Electronic Overload Relay, 2-Port"},{"iso6391Locale":"fr","value":"E300 Electronic Overload Relay, 2-Port"},{"iso6391Locale":"de","value":"E300 Electronic Overload Relay, 2-Port"},{"iso6391Locale":"es","value":"E300 Electronic Overload Relay, 2-Port"},{"iso6391Locale":"pt","value":"E300 Electronic Overload Relay, 2-Port"},{"iso6391Locale":"it","value":"E300 Electronic Overload Relay, 2-Port"},{"iso6391Locale":"ja","value":"E300 Electronic Overload Relay, 2-Port"},{"iso6391Locale":"ko","value":"E300 Electronic Overload Relay, 2-Port"},{"iso6391Locale":"zh","value":"E300 Electronic Overload Relay, 2-Port"}],"majRevSeries":["B"],"cip":{"vendCode":1,"prodType":3,"prodCode":651,"majRev":7}},"categories":["MotorOverload"],"ports":[{"portID":"2","type":"Ethernet","downStreamOnly":false,"localOnly":false,"label":"ENet","width":1,"connectorOffset":0,"noClass1OutRouting":false}],"image":{"ideIcon":{"name":"device-stand-alone-ethernet"}},"ideSupport":{"minIDEVersion":1,"PVCLSID":"{81e11fff-a883-4c09-a274-fbceef42ae93}","PSCLSID":"{848B1A29-B8C1-4333-89EB-80C2EF30BDD9}"},"ioSupport":{"noRemoteChildren":false,"multicastOnly":false,"unicastOnly":false,"hmiButtonControl":false,"redundancy":{"canExistInRedundantChassis":false}}},{"identity":{"productID":["cip.type:1.3.651.6"],"vendor":"Rockwell Automation/Allen-Bradley","productType":[{"iso6391Locale":"en","value":"Motor Overload"}],"productName":"193-ECM-ETR","catalog":"193-ECM-ETR","description":[{"iso6391Locale":"en","value":"E300 Electronic Overload Relay, 2-Port"},{"iso6391Locale":"fr","value":"E300 Electronic Overload Relay, 2-Port"},{"iso6391Locale":"de","value":"E300 Electronic Overload Relay, 2-Port"},{"iso6391Locale":"es","value":"E300 Electronic Overload Relay, 2-Port"},{"iso6391Locale":"pt","value":"E300 Electronic Overload Relay, 2-Port"},{"iso6391Locale":"it","value":"E300 Electronic Overload Relay, 2-Port"},{"iso6391Locale":"ja","value":"E300 Electronic Overload Relay, 2-Port"},{"iso6391Locale":"ko","value":"E300 Electronic Overload Relay, 2-Port"},{"iso6391Locale":"zh","value":"E300 Electronic Overload Relay, 2-Port"}],"majRevSeries":["A"],"cip":{"majRev":6,"vendCode":1,"prodType":3,"prodCode":651}},"categories":["MotorOverload"],"ports":[{"portID":"2","type":"Ethernet","downStreamOnly":false,"localOnly":false,"label":"ENet","width":1,"connectorOffset":0,"noClass1OutRouting":false}],"image":{"ideIcon":{"name":"device-stand-alone-ethernet"}},"ideSupport":{"minIDEVersion":1,"PVCLSID":"{81e11fff-a883-4c09-a274-fbceef42ae93}","PSCLSID":"{848B1A29-B8C1-4333-89EB-80C2EF30BDD9}"},"ioSupport":{"noRemoteChildren":false,"multicastOnly":false,"unicastOnly":false,"hmiButtonControl":false,"redundancy":{"canExistInRedundantChassis":false}}},{"identity":{"productID":["cip.type:1.3.651.5"],"vendor":"Rockwell Automation/Allen-Bradley","productType":[{"iso6391Locale":"en","value":"Motor Overload"}],"productName":"193-ECM-ETR","catalog":"193-ECM-ETR","description":[{"iso6391Locale":"en","value":"E300 Electronic Overload Relay, 2-Port"},{"iso6391Locale":"fr","value":"E300 Electronic Overload Relay, 2-Port"},{"iso6391Locale":"de","value":"E300 Electronic Overload Relay, 2-Port"},{"iso6391Locale":"es","value":"E300 Electronic Overload Relay, 2-Port"},{"iso6391Locale":"pt","value":"E300 Electronic Overload Relay, 2-Port"},{"iso6391Locale":"it","value":"E300 Electronic Overload Relay, 2-Port"},{"iso6391Locale":"ja","value":"E300 Electronic Overload Relay, 2-Port"},{"iso6391Locale":"ko","value":"E300 Electronic Overload Relay, 2-Port"},{"iso6391Locale":"zh","value":"E300 Electronic Overload Relay, 2-Port"}],"majRevSeries":["A"],"cip":{"majRev":5,"vendCode":1,"prodType":3,"prodCode":651}},"categories":["MotorOverload"],"ports":[{"portID":"2","type":"Ethernet","downStreamOnly":false,"localOnly":false,"label":"ENet","width":1,"connectorOffset":0,"noClass1OutRouting":false}],"image":{"ideIcon":{"name":"device-stand-alone-ethernet"}},"ideSupport":{"minIDEVersion":1,"PVCLSID":"{81e11fff-a883-4c09-a274-fbceef42ae93}","PSCLSID":"{848B1A29-B8C1-4333-89EB-80C2EF30BDD9}"},"ioSupport":{"noRemoteChildren":false,"multicastOnly":false,"unicastOnly":false,"hmiButtonControl":false,"redundancy":{"canExistInRedundantChassis":false}}},{"identity":{"productID":["cip.type:1.3.651.4"],"vendor":"Rockwell Automation/Allen-Bradley","productType":[{"iso6391Locale":"en","value":"Motor Overload"}],"productName":"193-ECM-ETR","catalog":"193-ECM-ETR","description":[{"iso6391Locale":"en","value":"E300 Electronic Overload Relay, 2-Port"},{"iso6391Locale":"fr","value":"E300 Electronic Overload Relay, 2-Port"},{"iso6391Locale":"de","value":"E300 Electronic Overload Relay, 2-Port"},{"iso6391Locale":"es","value":"E300 Electronic Overload Relay, 2-Port"},{"iso6391Locale":"pt","value":"E300 Electronic Overload Relay, 2-Port"},{"iso6391Locale":"it","value":"E300 Electronic Overload Relay, 2-Port"},{"iso6391Locale":"ja","value":"E300 Electronic Overload Relay, 2-Port"},{"iso6391Locale":"ko","value":"E300 Electronic Overload Relay, 2-Port"},{"iso6391Locale":"zh","value":"E300 Electronic Overload Relay, 2-Port"}],"majRevSeries":["A"],"cip":{"majRev":4,"vendCode":1,"prodType":3,"prodCode":651}},"categories":["MotorOverload"],"ports":[{"portID":"2","type":"Ethernet","downStreamOnly":false,"localOnly":false,"label":"ENet","width":1,"connectorOffset":0,"noClass1OutRouting":false}],"image":{"ideIcon":{"name":"device-stand-alone-ethernet"}},"ideSupport":{"minIDEVersion":1,"PVCLSID":"{81e11fff-a883-4c09-a274-fbceef42ae93}","PSCLSID":"{848B1A29-B8C1-4333-89EB-80C2EF30BDD9}"},"ioSupport":{"noRemoteChildren":false,"multicastOnly":false,"unicastOnly":false,"hmiButtonControl":false,"redundancy":{"canExistInRedundantChassis":false}}},{"identity":{"productID":["cip.type:1.3.651.3"],"vendor":"Rockwell Automation/Allen-Bradley","productType":[{"iso6391Locale":"en","value":"Motor Overload"}],"productName":"193-ECM-ETR","catalog":"193-ECM-ETR","description":[{"iso6391Locale":"en","value":"E300 Electronic Overload Relay, 2-Port"},{"iso6391Locale":"fr","value":"E300 Electronic Overload Relay, 2-Port"},{"iso6391Locale":"de","value":"E300 Electronic Overload Relay, 2-Port"},{"iso6391Locale":"es","value":"E300 Electronic Overload Relay, 2-Port"},{"iso6391Locale":"pt","value":"E300 Electronic Overload Relay, 2-Port"},{"iso6391Locale":"it","value":"E300 Electronic Overload Relay, 2-Port"},{"iso6391Locale":"ja","value":"E300 Electronic Overload Relay, 2-Port"},{"iso6391Locale":"ko","value":"E300 Electronic Overload Relay, 2-Port"},{"iso6391Locale":"zh","value":"E300 Electronic Overload Relay, 2-Port"}],"majRevSeries":["A"],"cip":{"majRev":3,"vendCode":1,"prodType":3,"prodCode":651}},"categories":["MotorOverload"],"ports":[{"portID":"2","type":"Ethernet","downStreamOnly":false,"localOnly":false,"label":"ENet","width":1,"connectorOffset":0,"noClass1OutRouting":false}],"image":{"ideIcon":{"name":"device-stand-alone-ethernet"}},"ideSupport":{"minIDEVersion":1,"PVCLSID":"{81e11fff-a883-4c09-a274-fbceef42ae93}","PSCLSID":"{848B1A29-B8C1-4333-89EB-80C2EF30BDD9}"},"ioSupport":{"noRemoteChildren":false,"multicastOnly":false,"unicastOnly":false,"hmiButtonControl":false,"redundancy":{"canExistInRedundantChassis":false}}},{"identity":{"productID":["cip.type:1.3.651.2"],"vendor":"Rockwell Automation/Allen-Bradley","productType":[{"iso6391Locale":"en","value":"Motor Overload"}],"productName":"193-ECM-ETR","catalog":"193-ECM-ETR","description":[{"iso6391Locale":"en","value":"E300 Electronic Overload Relay, 2-Port"},{"iso6391Locale":"fr","value":"E300 Electronic Overload Relay, 2-Port"},{"iso6391Locale":"de","value":"E300 Electronic Overload Relay, 2-Port"},{"iso6391Locale":"es","value":"E300 Electronic Overload Relay, 2-Port"},{"iso6391Locale":"pt","value":"E300 Electronic Overload Relay, 2-Port"},{"iso6391Locale":"it","value":"E300 Electronic Overload Relay, 2-Port"},{"iso6391Locale":"ja","value":"E300 Electronic Overload Relay, 2-Port"},{"iso6391Locale":"ko","value":"E300 Electronic Overload Relay, 2-Port"},{"iso6391Locale":"zh","value":"E300 Electronic Overload Relay, 2-Port"}],"majRevSeries":["A"],"cip":{"majRev":2,"vendCode":1,"prodType":3,"prodCode":651}},"categories":["MotorOverload"],"ports":[{"portID":"2","type":"Ethernet","downStreamOnly":false,"localOnly":false,"label":"ENet","width":1,"connectorOffset":0,"noClass1OutRouting":false}],"image":{"ideIcon":{"name":"device-stand-alone-ethernet"}},"ideSupport":{"minIDEVersion":1,"PVCLSID":"{81e11fff-a883-4c09-a274-fbceef42ae93}","PSCLSID":"{848B1A29-B8C1-4333-89EB-80C2EF30BDD9}"},"ioSupport":{"noRemoteChildren":false,"multicastOnly":false,"unicastOnly":false,"hmiButtonControl":false,"redundancy":{"canExistInRedundantChassis":false}}},{"identity":{"productID":["cip.type:1.3.651.1"],"vendor":"Rockwell Automation/Allen-Bradley","productType":[{"iso6391Locale":"en","value":"Motor Overload"}],"productName":"193-ECM-ETR","catalog":"193-ECM-ETR","description":[{"iso6391Locale":"en","value":"E300 Electronic Overload Relay, 2-Port"},{"iso6391Locale":"fr","value":"E300 Electronic Overload Relay, 2-Port"},{"iso6391Locale":"de","value":"E300 Electronic Overload Relay, 2-Port"},{"iso6391Locale":"es","value":"E300 Electronic Overload Relay, 2-Port"},{"iso6391Locale":"pt","value":"E300 Electronic Overload Relay, 2-Port"},{"iso6391Locale":"it","value":"E300 Electronic Overload Relay, 2-Port"},{"iso6391Locale":"ja","value":"E300 Electronic Overload Relay, 2-Port"},{"iso6391Locale":"ko","value":"E300 Electronic Overload Relay, 2-Port"},{"iso6391Locale":"zh","value":"E300 Electronic Overload Relay, 2-Port"}],"majRevSeries":["A"],"cip":{"majRev":1,"vendCode":1,"prodType":3,"prodCode":651}},"categories":["MotorOverload"],"ports":[{"portID":"2","type":"Ethernet","downStreamOnly":false,"localOnly":false,"label":"ENet","width":1,"connectorOffset":0,"noClass1OutRouting":false}],"image":{"ideIcon":{"name":"device-stand-alone-ethernet"}},"ideSupport":{"minIDEVersion":1,"PVCLSID":"{81e11fff-a883-4c09-a274-fbceef42ae93}","PSCLSID":"{848B1A29-B8C1-4333-89EB-80C2EF30BDD9}"},"ioSupport":{"noRemoteChildren":false,"multicastOnly":false,"unicastOnly":false,"hmiButtonControl":false,"redundancy":{"canExistInRedundantChassis":false}}}]}
{"_id":{"$oid":"65ea558c29888fda77951804"},"identity":{"productID":[],"cip":{"vendCode":1,"prodType":3,"prodCode":529}},"revisions":[{"identity":{"productID":["cip.type:1.3.529.5"],"vendor":"Rockwell Automation/Allen-Bradley","productType":[{"iso6391Locale":"en","value":"Motor Overload"}],"productName":"E3 0.4A-2A Motor Starter via 2100-ENET","catalog":"193/592-EC1P","description":[{"iso6391Locale":"en","value":"E3 0.4A-2A Motor Starter via 2100-ENET"},{"iso6391Locale":"fr","value":"E3 0.4A-2A Motor Starter via 2100-ENET"},{"iso6391Locale":"de","value":"E3 0.4A-2A Motor Starter via 2100-ENET"},{"iso6391Locale":"es","value":"E3 0.4A-2A Motor Starter via 2100-ENET"},{"iso6391Locale":"pt","value":"E3 0.4A-2A Motor Starter via 2100-ENET"},{"iso6391Locale":"it","value":"E3 0.4A-2A Motor Starter via 2100-ENET"},{"iso6391Locale":"ja","value":"E3 0.4A-2A Motor Starter via 2100-ENET"},{"iso6391Locale":"ko","value":"E3 0.4A-2A Motor Starter via 2100-ENET"},{"iso6391Locale":"zh","value":"E3 0.4A-2A Motor Starter via 2100-ENET"}],"majRevSeries":[],"cip":{"vendCode":1,"prodType":3,"prodCode":529,"majRev":5}},"categories":["MotorStarter"],"ports":[{"portID":"1","type":"Ethernet","downStreamOnly":false,"localOnly":false,"width":1,"connectorOffset":0,"noClass1OutRouting":false}],"image":{"ideIcon":{"name":"device-stand-alone-ethernet"}},"ideSupport":{"minIDEVersion":1,"PVCLSID":"{81e11fff-a883-4c09-a274-fbceef42ae93}","PSCLSID":"{848B1A29-B8C1-4333-89EB-80C2EF30BDD9}"},"ioSupport":{"noRemoteChildren":false,"multicastOnly":false,"unicastOnly":false,"hmiButtonControl":false,"redundancy":{"canExistInRedundantChassis":false}}}]}
{"_id":{"$oid":"65ea558c29888fda77951805"},"identity":{"productID":[],"cip":{"vendCode":1,"prodType":3,"prodCode":503}},"revisions":[{"identity":{"productID":["cip.type:1.3.503.5"],"vendor":"Rockwell Automation/Allen-Bradley","productType":[{"iso6391Locale":"en","value":"Motor Overload"}],"productName":"E3 1A-5A Motor Starter via 2100-ENET","catalog":"193/592-EC1A","description":[{"iso6391Locale":"en","value":"E3 1A-5A Motor Starter via 2100-ENET"},{"iso6391Locale":"fr","value":"E3 1A-5A Motor Starter via 2100-ENET"},{"iso6391Locale":"de","value":"E3 1A-5A Motor Starter via 2100-ENET"},{"iso6391Locale":"es","value":"E3 1A-5A Motor Starter via 2100-ENET"},{"iso6391Locale":"pt","value":"E3 1A-5A Motor Starter via 2100-ENET"},{"iso6391Locale":"it","value":"E3 1A-5A Motor Starter via 2100-ENET"},{"iso6391Locale":"ja","value":"E3 1A-5A Motor Starter via 2100-ENET"},{"iso6391Locale":"ko","value":"E3 1A-5A Motor Starter via 2100-ENET"},{"iso6391Locale":"zh","value":"E3 1A-5A Motor Starter via 2100-ENET"}],"majRevSeries":[],"cip":{"vendCode":1,"prodType":3,"prodCode":503,"majRev":5}},"categories":["MotorStarter"],"ports":[{"portID":"1","type":"Ethernet","downStreamOnly":false,"localOnly":false,"width":1,"connectorOffset":0,"noClass1OutRouting":false}],"image":{"ideIcon":{"name":"device-stand-alone-ethernet"}},"ideSupport":{"minIDEVersion":1,"PVCLSID":"{81e11fff-a883-4c09-a274-fbceef42ae93}","PSCLSID":"{848B1A29-B8C1-4333-89EB-80C2EF30BDD9}"},"ioSupport":{"noRemoteChildren":false,"multicastOnly":false,"unicastOnly":false,"hmiButtonControl":false,"redundancy":{"canExistInRedundantChassis":false}}}]}
{"_id":{"$oid":"65ea558c29888fda77951806"},"identity":{"productID":[],"cip":{"vendCode":1,"prodType":3,"prodCode":505}},"revisions":[{"identity":{"productID":["cip.type:1.3.505.5"],"vendor":"Rockwell Automation/Allen-Bradley","productType":[{"iso6391Locale":"en","value":"Motor Overload"}],"productName":"E3 3A-15A Motor Starter via 2100-ENET","catalog":"193/592-EC1B","description":[{"iso6391Locale":"en","value":"E3 3A-15A Motor Starter via 2100-ENET"},{"iso6391Locale":"fr","value":"E3 3A-15A Motor Starter via 2100-ENET"},{"iso6391Locale":"de","value":"E3 3A-15A Motor Starter via 2100-ENET"},{"iso6391Locale":"es","value":"E3 3A-15A Motor Starter via 2100-ENET"},{"iso6391Locale":"pt","value":"E3 3A-15A Motor Starter via 2100-ENET"},{"iso6391Locale":"it","value":"E3 3A-15A Motor Starter via 2100-ENET"},{"iso6391Locale":"ja","value":"E3 3A-15A Motor Starter via 2100-ENET"},{"iso6391Locale":"ko","value":"E3 3A-15A Motor Starter via 2100-ENET"},{"iso6391Locale":"zh","value":"E3 3A-15A Motor Starter via 2100-ENET"}],"majRevSeries":[],"cip":{"vendCode":1,"prodType":3,"prodCode":505,"majRev":5}},"categories":["MotorStarter"],"ports":[{"portID":"1","type":"Ethernet","downStreamOnly":false,"localOnly":false,"width":1,"connectorOffset":0,"noClass1OutRouting":false}],"image":{"ideIcon":{"name":"device-stand-alone-ethernet"}},"ideSupport":{"minIDEVersion":1,"PVCLSID":"{81e11fff-a883-4c09-a274-fbceef42ae93}","PSCLSID":"{848B1A29-B8C1-4333-89EB-80C2EF30BDD9}"},"ioSupport":{"noRemoteChildren":false,"multicastOnly":false,"unicastOnly":false,"hmiButtonControl":false,"redundancy":{"canExistInRedundantChassis":false}}}]}
{"_id":{"$oid":"65ea558c29888fda77951807"},"identity":{"productID":[],"cip":{"vendCode":1,"prodType":3,"prodCode":507}},"revisions":[{"identity":{"productID":["cip.type:1.3.507.5"],"vendor":"Rockwell Automation/Allen-Bradley","productType":[{"iso6391Locale":"en","value":"Motor Overload"}],"productName":"E3 5A-25A Motor Starter via 2100-ENET","catalog":"193/592-EC1C","description":[{"iso6391Locale":"en","value":"E3 5A-25A Motor Starter via 2100-ENET"},{"iso6391Locale":"fr","value":"E3 5A-25A Motor Starter via 2100-ENET"},{"iso6391Locale":"de","value":"E3 5A-25A Motor Starter via 2100-ENET"},{"iso6391Locale":"es","value":"E3 5A-25A Motor Starter via 2100-ENET"},{"iso6391Locale":"pt","value":"E3 5A-25A Motor Starter via 2100-ENET"},{"iso6391Locale":"it","value":"E3 5A-25A Motor Starter via 2100-ENET"},{"iso6391Locale":"ja","value":"E3 5A-25A Motor Starter via 2100-ENET"},{"iso6391Locale":"ko","value":"E3 5A-25A Motor Starter via 2100-ENET"},{"iso6391Locale":"zh","value":"E3 5A-25A Motor Starter via 2100-ENET"}],"majRevSeries":[],"cip":{"vendCode":1,"prodType":3,"prodCode":507,"majRev":5}},"categories":["MotorStarter"],"ports":[{"portID":"1","type":"Ethernet","downStreamOnly":false,"localOnly":false,"width":1,"connectorOffset":0,"noClass1OutRouting":false}],"image":{"ideIcon":{"name":"device-stand-alone-ethernet"}},"ideSupport":{"minIDEVersion":1,"PVCLSID":"{81e11fff-a883-4c09-a274-fbceef42ae93}","PSCLSID":"{848B1A29-B8C1-4333-89EB-80C2EF30BDD9}"},"ioSupport":{"noRemoteChildren":false,"multicastOnly":false,"unicastOnly":false,"hmiButtonControl":false,"redundancy":{"canExistInRedundantChassis":false}}}]}
{"_id":{"$oid":"65ea558c29888fda77951808"},"identity":{"productID":[],"cip":{"vendCode":1,"prodType":3,"prodCode":509}},"revisions":[{"identity":{"productID":["cip.type:1.3.509.5"],"vendor":"Rockwell Automation/Allen-Bradley","productType":[{"iso6391Locale":"en","value":"Motor Overload"}],"productName":"E3 9A-45A Motor Starter via 2100-ENET","catalog":"193/592-EC1D","description":[{"iso6391Locale":"en","value":"E3 9A-45A Motor Starter via 2100-ENET"},{"iso6391Locale":"fr","value":"E3 9A-45A Motor Starter via 2100-ENET"},{"iso6391Locale":"de","value":"E3 9A-45A Motor Starter via 2100-ENET"},{"iso6391Locale":"es","value":"E3 9A-45A Motor Starter via 2100-ENET"},{"iso6391Locale":"pt","value":"E3 9A-45A Motor Starter via 2100-ENET"},{"iso6391Locale":"it","value":"E3 9A-45A Motor Starter via 2100-ENET"},{"iso6391Locale":"ja","value":"E3 9A-45A Motor Starter via 2100-ENET"},{"iso6391Locale":"ko","value":"E3 9A-45A Motor Starter via 2100-ENET"},{"iso6391Locale":"zh","value":"E3 9A-45A Motor Starter via 2100-ENET"}],"majRevSeries":[],"cip":{"vendCode":1,"prodType":3,"prodCode":509,"majRev":5}},"categories":["MotorStarter"],"ports":[{"portID":"1","type":"Ethernet","downStreamOnly":false,"localOnly":false,"width":1,"connectorOffset":0,"noClass1OutRouting":false}],"image":{"ideIcon":{"name":"device-stand-alone-ethernet"}},"ideSupport":{"minIDEVersion":1,"PVCLSID":"{81e11fff-a883-4c09-a274-fbceef42ae93}","PSCLSID":"{848B1A29-B8C1-4333-89EB-80C2EF30BDD9}"},"ioSupport":{"noRemoteChildren":false,"multicastOnly":false,"unicastOnly":false,"hmiButtonControl":false,"redundancy":{"canExistInRedundantChassis":false}}}]}
{"_id":{"$oid":"65ea558c29888fda77951809"},"identity":{"productID":[],"cip":{"vendCode":1,"prodType":3,"prodCode":531}},"revisions":[{"identity":{"productID":["cip.type:1.3.531.5"],"vendor":"Rockwell Automation/Allen-Bradley","productType":[{"iso6391Locale":"en","value":"Motor Overload"}],"productName":"E3 9A-5000A Motor Starter via 2100-ENET","catalog":"193/592-EC1Z","description":[{"iso6391Locale":"en","value":"E3 9A-5000A Motor Starter via 2100-ENET"},{"iso6391Locale":"fr","value":"E3 9A-5000A Motor Starter via 2100-ENET"},{"iso6391Locale":"de","value":"E3 9A-5000A Motor Starter via 2100-ENET"},{"iso6391Locale":"es","value":"E3 9A-5000A Motor Starter via 2100-ENET"},{"iso6391Locale":"pt","value":"E3 9A-5000A Motor Starter via 2100-ENET"},{"iso6391Locale":"it","value":"E3 9A-5000A Motor Starter via 2100-ENET"},{"iso6391Locale":"ja","value":"E3 9A-5000A Motor Starter via 2100-ENET"},{"iso6391Locale":"ko","value":"E3 9A-5000A Motor Starter via 2100-ENET"},{"iso6391Locale":"zh","value":"E3 9A-5000A Motor Starter via 2100-ENET"}],"majRevSeries":[],"cip":{"vendCode":1,"prodType":3,"prodCode":531,"majRev":5}},"categories":["MotorStarter"],"ports":[{"portID":"1","type":"Ethernet","downStreamOnly":false,"localOnly":false,"width":1,"connectorOffset":0,"noClass1OutRouting":false}],"image":{"ideIcon":{"name":"device-stand-alone-ethernet"}},"ideSupport":{"minIDEVersion":1,"PVCLSID":"{81e11fff-a883-4c09-a274-fbceef42ae93}","PSCLSID":"{848B1A29-B8C1-4333-89EB-80C2EF30BDD9}"},"ioSupport":{"noRemoteChildren":false,"multicastOnly":false,"unicastOnly":false,"hmiButtonControl":false,"redundancy":{"canExistInRedundantChassis":false}}}]}
{"_id":{"$oid":"65ea558c29888fda7795180a"},"identity":{"productID":[],"cip":{"vendCode":1,"prodType":3,"prodCode":511}},"revisions":[{"identity":{"productID":["cip.type:1.3.511.5"],"vendor":"Rockwell Automation/Allen-Bradley","productType":[{"iso6391Locale":"en","value":"Motor Overload"}],"productName":"E3 18A-90A Motor Starter via 2100-ENET","catalog":"193/592-EC1E","description":[{"iso6391Locale":"en","value":"E3 18A-90A Motor Starter via 2100-ENET"},{"iso6391Locale":"fr","value":"E3 18A-90A Motor Starter via 2100-ENET"},{"iso6391Locale":"de","value":"E3 18A-90A Motor Starter via 2100-ENET"},{"iso6391Locale":"es","value":"E3 18A-90A Motor Starter via 2100-ENET"},{"iso6391Locale":"pt","value":"E3 18A-90A Motor Starter via 2100-ENET"},{"iso6391Locale":"it","value":"E3 18A-90A Motor Starter via 2100-ENET"},{"iso6391Locale":"ja","value":"E3 18A-90A Motor Starter via 2100-ENET"},{"iso6391Locale":"ko","value":"E3 18A-90A Motor Starter via 2100-ENET"},{"iso6391Locale":"zh","value":"E3 18A-90A Motor Starter via 2100-ENET"}],"majRevSeries":[],"cip":{"vendCode":1,"prodType":3,"prodCode":511,"majRev":5}},"categories":["MotorStarter"],"ports":[{"portID":"1","type":"Ethernet","downStreamOnly":false,"localOnly":false,"width":1,"connectorOffset":0,"noClass1OutRouting":false}],"image":{"ideIcon":{"name":"device-stand-alone-ethernet"}},"ideSupport":{"minIDEVersion":1,"PVCLSID":"{81e11fff-a883-4c09-a274-fbceef42ae93}","PSCLSID":"{848B1A29-B8C1-4333-89EB-80C2EF30BDD9}"},"ioSupport":{"noRemoteChildren":false,"multicastOnly":false,"unicastOnly":false,"hmiButtonControl":false,"redundancy":{"canExistInRedundantChassis":false}}}]}
{"_id":{"$oid":"65ea558c29888fda7795180b"},"identity":{"productID":[],"cip":{"vendCode":1,"prodType":3,"prodCode":530}},"revisions":[{"identity":{"productID":["cip.type:1.3.530.5"],"vendor":"Rockwell Automation/Allen-Bradley","productType":[{"iso6391Locale":"en","value":"Motor Overload"}],"productName":"E3 Plus 0.4A-2A Motor Starter via 2100-ENET","catalog":"193/592-EC2P","description":[{"iso6391Locale":"en","value":"E3 Plus 0.4A-2A Motor Starter via 2100-ENET"},{"iso6391Locale":"fr","value":"E3 Plus 0.4A-2A Motor Starter via 2100-ENET"},{"iso6391Locale":"de","value":"E3 Plus 0.4A-2A Motor Starter via 2100-ENET"},{"iso6391Locale":"es","value":"E3 Plus 0.4A-2A Motor Starter via 2100-ENET"},{"iso6391Locale":"pt","value":"E3 Plus 0.4A-2A Motor Starter via 2100-ENET"},{"iso6391Locale":"it","value":"E3 Plus 0.4A-2A Motor Starter via 2100-ENET"},{"iso6391Locale":"ja","value":"E3 Plus 0.4A-2A Motor Starter via 2100-ENET"},{"iso6391Locale":"ko","value":"E3 Plus 0.4A-2A Motor Starter via 2100-ENET"},{"iso6391Locale":"zh","value":"E3 Plus 0.4A-2A Motor Starter via 2100-ENET"}],"majRevSeries":[],"cip":{"vendCode":1,"prodType":3,"prodCode":530,"majRev":5}},"categories":["MotorStarter"],"ports":[{"portID":"1","type":"Ethernet","downStreamOnly":false,"localOnly":false,"width":1,"connectorOffset":0,"noClass1OutRouting":false}],"image":{"ideIcon":{"name":"device-stand-alone-ethernet"}},"ideSupport":{"minIDEVersion":1,"PVCLSID":"{81e11fff-a883-4c09-a274-fbceef42ae93}","PSCLSID":"{848B1A29-B8C1-4333-89EB-80C2EF30BDD9}"},"ioSupport":{"noRemoteChildren":false,"multicastOnly":false,"unicastOnly":false,"hmiButtonControl":false,"redundancy":{"canExistInRedundantChassis":false}}}]}
{"_id":{"$oid":"65ea558c29888fda7795180c"},"identity":{"productID":[],"cip":{"vendCode":1,"prodType":3,"prodCode":504}},"revisions":[{"identity":{"productID":["cip.type:1.3.504.5"],"vendor":"Rockwell Automation/Allen-Bradley","productType":[{"iso6391Locale":"en","value":"Motor Overload"}],"productName":"E3 Plus 1A-5A Motor Starter via 2100-ENET","catalog":"193/592-EC2A","description":[{"iso6391Locale":"en","value":"E3 Plus 1A-5A Motor Starter via 2100-ENET"},{"iso6391Locale":"fr","value":"E3 Plus 1A-5A Motor Starter via 2100-ENET"},{"iso6391Locale":"de","value":"E3 Plus 1A-5A Motor Starter via 2100-ENET"},{"iso6391Locale":"es","value":"E3 Plus 1A-5A Motor Starter via 2100-ENET"},{"iso6391Locale":"pt","value":"E3 Plus 1A-5A Motor Starter via 2100-ENET"},{"iso6391Locale":"it","value":"E3 Plus 1A-5A Motor Starter via 2100-ENET"},{"iso6391Locale":"ja","value":"E3 Plus 1A-5A Motor Starter via 2100-ENET"},{"iso6391Locale":"ko","value":"E3 Plus 1A-5A Motor Starter via 2100-ENET"},{"iso6391Locale":"zh","value":"E3 Plus 1A-5A Motor Starter via 2100-ENET"}],"majRevSeries":[],"cip":{"vendCode":1,"prodType":3,"prodCode":504,"majRev":5}},"categories":["MotorStarter"],"ports":[{"portID":"1","type":"Ethernet","downStreamOnly":false,"localOnly":false,"width":1,"connectorOffset":0,"noClass1OutRouting":false}],"image":{"ideIcon":{"name":"device-stand-alone-ethernet"}},"ideSupport":{"minIDEVersion":1,"PVCLSID":"{81e11fff-a883-4c09-a274-fbceef42ae93}","PSCLSID":"{848B1A29-B8C1-4333-89EB-80C2EF30BDD9}"},"ioSupport":{"noRemoteChildren":false,"multicastOnly":false,"unicastOnly":false,"hmiButtonControl":false,"redundancy":{"canExistInRedundantChassis":false}}}]}
