{"_id":{"$oid":"65ea5583b0903e221c0ee5b1"},"identity":{"productID":[],"cip":{"vendCode":1,"prodType":115,"prodCode":124}},"revisions":[{"identity":{"productID":["cip.type:1.115.124.3"],"vendor":"Rockwell Automation/Allen-Bradley","productType":[],"productName":"1738-IE2VM12","catalog":"1738-IE2VM12","description":[{"iso6391Locale":"en","value":"2 Channel Analog Voltage Input"},{"iso6391Locale":"fr","value":"Entrée analogique tension, 2 canaux"},{"iso6391Locale":"de","value":"Analoger 2-Kanal-Spannungseingang"},{"iso6391Locale":"es","value":"Entrada analógica de voltaje de 2 canales"},{"iso6391Locale":"pt","value":"Entrada de tensão analógica com 2 canais"},{"iso6391Locale":"it","value":"Ingresso analogico di tensione a 2 canali"},{"iso6391Locale":"ja","value":"2 チャネル アナログ電圧入力"},{"iso6391Locale":"ko","value":"2 채널 아날로그 전압 입력"},{"iso6391Locale":"zh","value":"2 通道模拟电压输入"}],"majRevSeries":["A"],"cip":{"vendCode":1,"prodType":115,"prodCode":124,"majRev":3}},"categories":["Analog","Input"],"ports":[{"portID":"1","type":"ArmorPoint","downStreamOnly":false,"localOnly":false,"label":"Chassis","width":1,"connectorOffset":0,"noClass1OutRouting":false}],"image":{"ideIcon":{"name":"device-io-module"}},"ideSupport":{"ideStyle":"AOPCore","minIDEVersion":1,"PVCLSID":"{81E11FFF-A883-4C09-A274-FBCEEF42AE93}","PSCLSID":"{848B1A29-B8C1-4333-89EB-80C2EF30BDD9}"},"ioSupport":{"noRemoteChildren":false,"multicastOnly":false,"unicastOnly":false,"hmiButtonControl":false,"redundancy":{"canExistInRedundantChassis":false}}}]}
{"_id":{"$oid":"65ea5583b0903e221c0ee5b2"},"identity":{"productID":[],"cip":{"vendCode":1,"prodType":115,"prodCode":125}},"revisions":[{"identity":{"productID":["cip.type:1.115.125.3"],"vendor":"Rockwell Automation/Allen-Bradley","productType":[],"productName":"1738-IR2M12","catalog":"1738-IR2M12","description":[{"iso6391Locale":"en","value":"2 Channel RTD Input"},{"iso6391Locale":"fr","value":"Entrée RTD, 2 canaux"},{"iso6391Locale":"de","value":"2-Kanal-RTD-Eingang"},{"iso6391Locale":"es","value":"Entrada RTD de 2 canales"},{"iso6391Locale":"pt","value":"Entrada RTD com 2 canais"},{"iso6391Locale":"it","value":"Ingresso RTD a 2 canali"},{"iso6391Locale":"ja","value":"2 チャネル RTD 入力"},{"iso6391Locale":"ko","value":"2 채널 RTD 입력"},{"iso6391Locale":"zh","value":"2 通道 RTD 输入"}],"majRevSeries":["A"],"cip":{"vendCode":1,"prodType":115,"prodCode":125,"majRev":3}},"categories":["Analog","Input"],"ports":[{"portID":"1","type":"ArmorPoint","downStreamOnly":false,"localOnly":false,"label":"Chassis","width":1,"connectorOffset":0,"noClass1OutRouting":false}],"image":{"ideIcon":{"name":"device-io-module"}},"ideSupport":{"ideStyle":"AOPCore","minIDEVersion":1,"PVCLSID":"{81E11FFF-A883-4C09-A274-FBCEEF42AE93}","PSCLSID":"{848B1A29-B8C1-4333-89EB-80C2EF30BDD9}"},"ioSupport":{"noRemoteChildren":false,"multicastOnly":false,"unicastOnly":false,"hmiButtonControl":false,"redundancy":{"canExistInRedundantChassis":false}}}]}
{"_id":{"$oid":"65ea5583b0903e221c0ee5b3"},"identity":{"productID":[],"cip":{"vendCode":1,"prodType":115,"prodCode":126}},"revisions":[{"identity":{"productID":["cip.type:1.115.126.3"],"vendor":"Rockwell Automation/Allen-Bradley","productType":[],"productName":"1738-IT2IM12","catalog":"1738-IT2IM12","description":[{"iso6391Locale":"en","value":"2 Channel Thermocouple Input, Isolated"},{"iso6391Locale":"fr","value":"Entrée thermocouple, 2 canaux, isolée"},{"iso6391Locale":"de","value":"2-Kanal-Thermoelementeingang, isoliert"},{"iso6391Locale":"es","value":"Entrada aislada de termopar de 2 canales"},{"iso6391Locale":"pt","value":"Entrada de termopar com 2 canais, isolado"},{"iso6391Locale":"it","value":"Ingresso termocoppia a 2 canali, isolato"},{"iso6391Locale":"ja","value":"2 チャネル熱電対入力、絶縁"},{"iso6391Locale":"ko","value":"2 채널 열전쌍 입력, 격리"},{"iso6391Locale":"zh","value":"2 通道热电偶输入，隔离式"}],"majRevSeries":["A"],"cip":{"vendCode":1,"prodType":115,"prodCode":126,"majRev":3}},"categories":["Analog","Input"],"ports":[{"portID":"1","type":"ArmorPoint","downStreamOnly":false,"localOnly":false,"label":"Chassis","width":1,"connectorOffset":0,"noClass1OutRouting":false}],"image":{"ideIcon":{"name":"device-io-module"}},"ideSupport":{"ideStyle":"AOPCore","minIDEVersion":1,"PVCLSID":"{81E11FFF-A883-4C09-A274-FBCEEF42AE93}","PSCLSID":"{848B1A29-B8C1-4333-89EB-80C2EF30BDD9}"},"ioSupport":{"noRemoteChildren":false,"multicastOnly":false,"unicastOnly":false,"hmiButtonControl":false,"redundancy":{"canExistInRedundantChassis":false}}}]}
{"_id":{"$oid":"65ea5583b0903e221c0ee5b4"},"identity":{"productID":[],"cip":{"vendCode":1,"prodType":115,"prodCode":127}},"revisions":[{"identity":{"productID":["cip.type:1.115.127.3"],"vendor":"Rockwell Automation/Allen-Bradley","productType":[],"productName":"1738-OE2CM12","catalog":"1738-OE2CM12","description":[{"iso6391Locale":"en","value":"2 Channel Analog Current Output"},{"iso6391Locale":"fr","value":"Sortie analogique courant, 2 canaux"},{"iso6391Locale":"de","value":"Analoger 2-Kanal-Stromausgang"},{"iso6391Locale":"es","value":"Salida analógica de corriente de 2 canales"},{"iso6391Locale":"pt","value":"Saída de corrente analógica com 2 canais"},{"iso6391Locale":"it","value":"Uscita analogica di corrente a 2 canali"},{"iso6391Locale":"ja","value":"2 チャネル アナログ電流出力"},{"iso6391Locale":"ko","value":"2 채널 아날로그 전류 출력"},{"iso6391Locale":"zh","value":"2 通道模拟电流输出"}],"majRevSeries":["A"],"cip":{"vendCode":1,"prodType":115,"prodCode":127,"majRev":3}},"categories":["Analog","Output"],"ports":[{"portID":"1","type":"ArmorPoint","downStreamOnly":false,"localOnly":false,"label":"Chassis","width":1,"connectorOffset":0,"noClass1OutRouting":false}],"image":{"ideIcon":{"name":"device-io-module"}},"ideSupport":{"ideStyle":"AOPCore","minIDEVersion":1,"PVCLSID":"{81E11FFF-A883-4C09-A274-FBCEEF42AE93}","PSCLSID":"{848B1A29-B8C1-4333-89EB-80C2EF30BDD9}"},"ioSupport":{"noRemoteChildren":false,"multicastOnly":false,"unicastOnly":false,"hmiButtonControl":false,"redundancy":{"canExistInRedundantChassis":false}}}]}
{"_id":{"$oid":"65ea5583b0903e221c0ee5b5"},"identity":{"productID":[],"cip":{"vendCode":1,"prodType":115,"prodCode":128}},"revisions":[{"identity":{"productID":["cip.type:1.115.128.3"],"vendor":"Rockwell Automation/Allen-Bradley","productType":[],"productName":"1738-OE2VM12","catalog":"1738-OE2VM12","description":[{"iso6391Locale":"en","value":"2 Channel Analog Voltage Output"},{"iso6391Locale":"fr","value":"Sortie analogique tension, 2 canaux"},{"iso6391Locale":"de","value":"Analoger 2-Kanal-Spannungsausgang"},{"iso6391Locale":"es","value":"Salida analógica de voltaje de 2 canales"},{"iso6391Locale":"pt","value":"Saída de tensão analógica com 2 canais"},{"iso6391Locale":"it","value":"Uscita analogica di tensione a 2 canali"},{"iso6391Locale":"ja","value":"2 チャネル アナログ電圧出力"},{"iso6391Locale":"ko","value":"2 채널 아날로그 전압 출력"},{"iso6391Locale":"zh","value":"2 通道模拟电压输出"}],"majRevSeries":["A"],"cip":{"vendCode":1,"prodType":115,"prodCode":128,"majRev":3}},"categories":["Analog","Output"],"ports":[{"portID":"1","type":"ArmorPoint","downStreamOnly":false,"localOnly":false,"label":"Chassis","width":1,"connectorOffset":0,"noClass1OutRouting":false}],"image":{"ideIcon":{"name":"device-io-module"}},"ideSupport":{"ideStyle":"AOPCore","minIDEVersion":1,"PVCLSID":"{81E11FFF-A883-4C09-A274-FBCEEF42AE93}","PSCLSID":"{848B1A29-B8C1-4333-89EB-80C2EF30BDD9}"},"ioSupport":{"noRemoteChildren":false,"multicastOnly":false,"unicastOnly":false,"hmiButtonControl":false,"redundancy":{"canExistInRedundantChassis":false}}}]}
{"_id":{"$oid":"65ea5583b0903e221c0ee5b6"},"identity":{"productID":[],"cip":{"vendCode":1,"prodType":7,"prodCode":210}},"revisions":[{"identity":{"productID":["cip.type:1.7.210.3"],"vendor":"Rockwell Automation/Allen-Bradley","productType":[],"productName":"1738-OB8EM23","catalog":"1738-OB8EM23","description":[{"iso6391Locale":"en","value":"8 Point 10V-28V DC Electronically Fused Output, Source"},{"iso6391Locale":"fr","value":"Sortie à fusible électronique 10-28 V CC, 8 points, source"},{"iso6391Locale":"de","value":"Elektronisch gesichertes 8-Punkt-Ausgang, 10-28 V DC, stromliefernd"},{"iso6391Locale":"es","value":"Salida de fusible electrónico de 10-28 V CC de 8 puntos, origen/surtidor"},{"iso6391Locale":"pt","value":"Saída com fusível eletrônico com 8 pontos de 10 V a 28 V CC, fonte"},{"iso6391Locale":"it","value":"Uscita con fusibile elettronico 10 V-28 V CC a 8 punti, Origine"},{"iso6391Locale":"ja","value":"8 ポイント 10 ～ 28V DC 電子ヒューズ付き出力、ソース"},{"iso6391Locale":"ko","value":"8 포인트 10V-28V DC 전자식 퓨즈 출력, 소스"},{"iso6391Locale":"zh","value":"8 点 10V-28V 直流电熔断输出，源型"}],"majRevSeries":["A"],"cip":{"vendCode":1,"prodType":7,"prodCode":210,"majRev":3}},"categories":["Digital","Output"],"ports":[{"portID":"1","type":"ArmorPoint","downStreamOnly":false,"localOnly":false,"label":"Chassis","width":1,"connectorOffset":0,"noClass1OutRouting":false}],"image":{"ideIcon":{"name":"device-io-module"}},"ideSupport":{"ideStyle":"AOPCore","minIDEVersion":1,"PVCLSID":"{81E11FFF-A883-4C09-A274-FBCEEF42AE93}","PSCLSID":"{848B1A29-B8C1-4333-89EB-80C2EF30BDD9}"},"ioSupport":{"noRemoteChildren":false,"multicastOnly":false,"unicastOnly":false,"hmiButtonControl":false,"redundancy":{"canExistInRedundantChassis":false}}}]}
{"_id":{"$oid":"65ea5583b0903e221c0ee5b7"},"identity":{"productID":[],"cip":{"vendCode":1,"prodType":7,"prodCode":211}},"revisions":[{"identity":{"productID":["cip.type:1.7.211.3"],"vendor":"Rockwell Automation/Allen-Bradley","productType":[],"productName":"1738-OB8EM8","catalog":"1738-OB8EM8","description":[{"iso6391Locale":"en","value":"8 Point 10V-28V DC Electronically Fused Output, Source"},{"iso6391Locale":"fr","value":"Sortie à fusible électronique 10-28 V CC, 8 points, source"},{"iso6391Locale":"de","value":"Elektronisch gesichertes 8-Punkt-Ausgang, 10-28 V DC, stromliefernd"},{"iso6391Locale":"es","value":"Salida de fusible electrónico de 10-28 V CC de 8 puntos, origen/surtidor"},{"iso6391Locale":"pt","value":"Saída com fusível eletrônico com 8 pontos de 10 V a 28 V CC, fonte"},{"iso6391Locale":"it","value":"Uscita con fusibile elettronico 10 V-28 V CC a 8 punti, Origine"},{"iso6391Locale":"ja","value":"8 ポイント 10 ～ 28V DC 電子ヒューズ付き出力、ソース"},{"iso6391Locale":"ko","value":"8 포인트 10V-28V DC 전자식 퓨즈 출력, 소스"},{"iso6391Locale":"zh","value":"8 点 10V-28V 直流电熔断输出，源型"}],"majRevSeries":["A"],"cip":{"vendCode":1,"prodType":7,"prodCode":211,"majRev":3}},"categories":["Digital","Output"],"ports":[{"portID":"1","type":"ArmorPoint","downStreamOnly":false,"localOnly":false,"label":"Chassis","width":1,"connectorOffset":0,"noClass1OutRouting":false}],"image":{"ideIcon":{"name":"device-io-module"}},"ideSupport":{"ideStyle":"AOPCore","minIDEVersion":1,"PVCLSID":"{81E11FFF-A883-4C09-A274-FBCEEF42AE93}","PSCLSID":"{848B1A29-B8C1-4333-89EB-80C2EF30BDD9}"},"ioSupport":{"noRemoteChildren":false,"multicastOnly":false,"unicastOnly":false,"hmiButtonControl":false,"redundancy":{"canExistInRedundantChassis":false}}}]}
{"_id":{"$oid":"65ea5583b0903e221c0ee5b8"},"identity":{"productID":[],"cip":{"vendCode":1,"prodType":7,"prodCode":209}},"revisions":[{"identity":{"productID":["cip.type:1.7.209.3"],"vendor":"Rockwell Automation/Allen-Bradley","productType":[],"productName":"1738-OB8EM12","catalog":"1738-OB8EM12","description":[{"iso6391Locale":"en","value":"8 Point 10V-28V DC Electronically Fused Output, Source"},{"iso6391Locale":"fr","value":"Sortie à fusible électronique 10-28 V CC, 8 points, source"},{"iso6391Locale":"de","value":"Elektronisch gesichertes 8-Punkt-Ausgang, 10-28 V DC, stromliefernd"},{"iso6391Locale":"es","value":"Salida de fusible electrónico de 10-28 V CC de 8 puntos, origen/surtidor"},{"iso6391Locale":"pt","value":"Saída com fusível eletrônico com 8 pontos de 10 V a 28 V CC, fonte"},{"iso6391Locale":"it","value":"Uscita con fusibile elettronico 10 V-28 V CC a 8 punti, Origine"},{"iso6391Locale":"ja","value":"8 ポイント 10 ～ 28V DC 電子ヒューズ付き出力、ソース"},{"iso6391Locale":"ko","value":"8 포인트 10V-28V DC 전자식 퓨즈 출력, 소스"},{"iso6391Locale":"zh","value":"8 点 10V-28V 直流电熔断输出，源型"}],"majRevSeries":["A"],"cip":{"vendCode":1,"prodType":7,"prodCode":209,"majRev":3}},"categories":["Digital","Output"],"ports":[{"portID":"1","type":"ArmorPoint","downStreamOnly":false,"localOnly":false,"label":"Chassis","width":1,"connectorOffset":0,"noClass1OutRouting":false}],"image":{"ideIcon":{"name":"device-io-module"}},"ideSupport":{"ideStyle":"AOPCore","minIDEVersion":1,"PVCLSID":"{81E11FFF-A883-4C09-A274-FBCEEF42AE93}","PSCLSID":"{848B1A29-B8C1-4333-89EB-80C2EF30BDD9}"},"ioSupport":{"noRemoteChildren":false,"multicastOnly":false,"unicastOnly":false,"hmiButtonControl":false,"redundancy":{"canExistInRedundantChassis":false}}}]}
{"_id":{"$oid":"65ea5583b0903e221c0ee5b9"},"identity":{"productID":[],"cip":{"vendCode":1,"prodType":7,"prodCode":193}},"revisions":[{"identity":{"productID":["cip.type:1.7.193.3"],"vendor":"Rockwell Automation/Allen-Bradley","productType":[],"productName":"1738-OB2EPM12","catalog":"1738-OB2EPM12","description":[{"iso6391Locale":"en","value":"2 Point 10V-28V DC Electronically Fused Protected Output, Source"},{"iso6391Locale":"fr","value":"Sortie à protection par fusible électr. 10-28 V CC, 2 points, source"},{"iso6391Locale":"de","value":"Elektronisch gesichertes und geschütztes 2-Punkt-Ausgang, 10-28 V DC, stromliefernd"},{"iso6391Locale":"es","value":"Salida protegida por fusible electrónico de 10-28 V CC de 2 puntos, origen/surtidor"},{"iso6391Locale":"pt","value":"Saída protegida com fusível eletrônico com 2 pontos de 10 V a 28 V CC, fonte"},{"iso6391Locale":"it","value":"Uscita protetta con fusibile elettronico 10 V-28 V CC a 2 punti, Origine"},{"iso6391Locale":"ja","value":"2 ポイント 10 ～ 28V DC 電子ヒューズ保護出力、ソース"},{"iso6391Locale":"ko","value":"2 포인트 10V-28V DC 전자식 퓨즈 보호 출력, 소스"},{"iso6391Locale":"zh","value":"2 点 10V-28V 直流电熔断保护输出，源型"}],"majRevSeries":["A"],"cip":{"vendCode":1,"prodType":7,"prodCode":193,"majRev":3}},"categories":["Digital","Output"],"ports":[{"portID":"1","type":"ArmorPoint","downStreamOnly":false,"localOnly":false,"label":"Chassis","width":1,"connectorOffset":0,"noClass1OutRouting":false}],"image":{"ideIcon":{"name":"device-io-module"}},"ideSupport":{"ideStyle":"AOPCore","minIDEVersion":1,"PVCLSID":"{81E11FFF-A883-4C09-A274-FBCEEF42AE93}","PSCLSID":"{848B1A29-B8C1-4333-89EB-80C2EF30BDD9}"},"ioSupport":{"noRemoteChildren":false,"multicastOnly":false,"unicastOnly":false,"hmiButtonControl":false,"redundancy":{"canExistInRedundantChassis":false}}}]}
{"_id":{"$oid":"65ea5583b0903e221c0ee5ba"},"identity":{"productID":[],"cip":{"vendCode":1,"prodType":7,"prodCode":196}},"revisions":[{"identity":{"productID":["cip.type:1.7.196.3"],"vendor":"Rockwell Automation/Allen-Bradley","productType":[],"productName":"1738-OV4EM12","catalog":"1738-OV4EM12","description":[{"iso6391Locale":"en","value":"4 Point 10V-28V DC Electronically Fused Output, Sink"},{"iso6391Locale":"fr","value":"Sortie à fusible électronique 10-28 V CC, 4 points, dissipateur"},{"iso6391Locale":"de","value":"Elektronisch gesichertes 4-Punkt-Ausgang, 10-28 V DC, stromziehend"},{"iso6391Locale":"es","value":"Salida de fusible electrónico de 10-28 V CC de 4 puntos, drenador/disipador"},{"iso6391Locale":"pt","value":"Saída com fusível eletrônico com 4 pontos de 10 V a 28 V CC, dreno"},{"iso6391Locale":"it","value":"Uscita con fusibile elettronico 10 V-28 V CC a 4 punti, sink"},{"iso6391Locale":"ja","value":"4 ポイント 10 ～ 28V DC 電子ヒューズ付き出力、シンク"},{"iso6391Locale":"ko","value":"4 포인트 10V-28V DC 전자식 퓨즈 출력, 싱크"},{"iso6391Locale":"zh","value":"4 点 10V-28V 直流电熔断输出，漏型"}],"majRevSeries":["A"],"cip":{"vendCode":1,"prodType":7,"prodCode":196,"majRev":3}},"categories":["Digital","Output"],"ports":[{"portID":"1","type":"ArmorPoint","downStreamOnly":false,"localOnly":false,"label":"Chassis","width":1,"connectorOffset":0,"noClass1OutRouting":false}],"image":{"ideIcon":{"name":"device-io-module"}},"ideSupport":{"ideStyle":"AOPCore","minIDEVersion":1,"PVCLSID":"{81E11FFF-A883-4C09-A274-FBCEEF42AE93}","PSCLSID":"{848B1A29-B8C1-4333-89EB-80C2EF30BDD9}"},"ioSupport":{"noRemoteChildren":false,"multicastOnly":false,"unicastOnly":false,"hmiButtonControl":false,"redundancy":{"canExistInRedundantChassis":false}}}]}
{"_id":{"$oid":"65ea5583b0903e221c0ee5bb"},"identity":{"productID":[],"cip":{"vendCode":1,"prodType":7,"prodCode":197}},"revisions":[{"identity":{"productID":["cip.type:1.7.197.3"],"vendor":"Rockwell Automation/Allen-Bradley","productType":[],"productName":"1738-OW4M12","catalog":"1738-OW4M12","description":[{"iso6391Locale":"en","value":"4 Point AC/DC Relay Output"},{"iso6391Locale":"fr","value":"Sortie à relais CA/CC, 4 points"},{"iso6391Locale":"de","value":"4-Punkt-AC/DC-Relaisausgang"},{"iso6391Locale":"es","value":"Salida de relé de CA/CC de 4 puntos"},{"iso6391Locale":"pt","value":"Saída de relé CA/CC de 4 pontos"},{"iso6391Locale":"it","value":"Uscita relè a 4 punti CA/CC"},{"iso6391Locale":"ja","value":"4 ポイント AC/DC リレー出力"},{"iso6391Locale":"ko","value":"4 포인트 AC/DC 릴레이 출력"},{"iso6391Locale":"zh","value":"4 点交流/直流继电器输出"}],"majRevSeries":["A"],"cip":{"vendCode":1,"prodType":7,"prodCode":197,"majRev":3}},"categories":["Digital","Output"],"ports":[{"portID":"1","type":"ArmorPoint","downStreamOnly":false,"localOnly":false,"label":"Chassis","width":1,"connectorOffset":0,"noClass1OutRouting":false}],"image":{"ideIcon":{"name":"device-io-module"}},"ideSupport":{"ideStyle":"AOPCore","minIDEVersion":1,"PVCLSID":"{81E11FFF-A883-4C09-A274-FBCEEF42AE93}","PSCLSID":"{848B1A29-B8C1-4333-89EB-80C2EF30BDD9}"},"ioSupport":{"noRemoteChildren":false,"multicastOnly":false,"unicastOnly":false,"hmiButtonControl":false,"redundancy":{"canExistInRedundantChassis":false}}}]}
{"_id":{"$oid":"65ea5583b0903e221c0ee5bc"},"identity":{"productID":[],"cip":{"vendCode":1,"prodType":7,"prodCode":214}},"revisions":[{"identity":{"productID":["cip.type:1.7.214.3"],"vendor":"Rockwell Automation/Allen-Bradley","productType":[],"productName":"1738-OW4M12AC","catalog":"1738-OW4M12AC","description":[{"iso6391Locale":"en","value":"4 Point AC/DC Relay Output"},{"iso6391Locale":"fr","value":"Sortie à relais CA/CC, 4 points"},{"iso6391Locale":"de","value":"4-Punkt-AC/DC-Relaisausgang"},{"iso6391Locale":"es","value":"Salida de relé de CA/CC de 4 puntos"},{"iso6391Locale":"pt","value":"Saída de relé CA/CC de 4 pontos"},{"iso6391Locale":"it","value":"Uscita relè a 4 punti CA/CC"},{"iso6391Locale":"ja","value":"4 ポイント AC/DC リレー出力"},{"iso6391Locale":"ko","value":"4 포인트 AC/DC 릴레이 출력"},{"iso6391Locale":"zh","value":"4 点交流/直流继电器输出"}],"majRevSeries":["A"],"cip":{"vendCode":1,"prodType":7,"prodCode":214,"majRev":3}},"categories":["Digital","Output"],"ports":[{"portID":"1","type":"ArmorPoint","downStreamOnly":false,"localOnly":false,"label":"Chassis","width":1,"connectorOffset":0,"noClass1OutRouting":false}],"image":{"ideIcon":{"name":"device-io-module"}},"ideSupport":{"ideStyle":"AOPCore","minIDEVersion":1,"PVCLSID":"{81E11FFF-A883-4C09-A274-FBCEEF42AE93}","PSCLSID":"{848B1A29-B8C1-4333-89EB-80C2EF30BDD9}"},"ioSupport":{"noRemoteChildren":false,"multicastOnly":false,"unicastOnly":false,"hmiButtonControl":false,"redundancy":{"canExistInRedundantChassis":false}}}]}
{"_id":{"$oid":"65ea5583b0903e221c0ee5bd"},"identity":{"productID":[],"cip":{"vendCode":1,"prodType":7,"prodCode":222}},"revisions":[{"identity":{"productID":["cip.type:1.7.222.3"],"vendor":"Rockwell Automation/Allen-Bradley","productType":[],"productName":"1738-OA2M12AC3","catalog":"1738-OA2M12AC3","description":[{"iso6391Locale":"en","value":"2 Point 120V AC Output"},{"iso6391Locale":"fr","value":"Sortie 120 V CA, 2 points"},{"iso6391Locale":"de","value":"2-Punkt-Ausgang, 120 V AC"},{"iso6391Locale":"es","value":"Salida de 120 V CA de 2 puntos"},{"iso6391Locale":"pt","value":"Saída de 120 V CA de 2 pontos"},{"iso6391Locale":"it","value":"Uscita 120 V CA a 2 punti"},{"iso6391Locale":"ja","value":"2 ポイント 120V AC 出力"},{"iso6391Locale":"ko","value":"2 포인트 120V AC 출력"},{"iso6391Locale":"zh","value":"2 点 120V 交流输出"}],"majRevSeries":["A"],"cip":{"vendCode":1,"prodType":7,"prodCode":222,"majRev":3}},"categories":["Digital","Output"],"ports":[{"portID":"1","type":"ArmorPoint","downStreamOnly":false,"localOnly":false,"label":"Chassis","width":1,"connectorOffset":0,"noClass1OutRouting":false}],"image":{"ideIcon":{"name":"device-io-module"}},"ideSupport":{"ideStyle":"AOPCore","minIDEVersion":1,"PVCLSID":"{81E11FFF-A883-4C09-A274-FBCEEF42AE93}","PSCLSID":"{848B1A29-B8C1-4333-89EB-80C2EF30BDD9}"},"ioSupport":{"noRemoteChildren":false,"multicastOnly":false,"unicastOnly":false,"hmiButtonControl":false,"redundancy":{"canExistInRedundantChassis":false}}}]}
{"_id":{"$oid":"65ea5583b0903e221c0ee5be"},"identity":{"productID":[],"cip":{"vendCode":1,"prodType":7,"prodCode":202}},"revisions":[{"identity":{"productID":["cip.type:1.7.202.3"],"vendor":"Rockwell Automation/Allen-Bradley","productType":[],"productName":"1738-IB8M23","catalog":"1738-IB8M23","description":[{"iso6391Locale":"en","value":"8 Point 10V-28V DC Input, Sink"},{"iso6391Locale":"fr","value":"Entrée 10-28 V CC, 8 points, dissipateur"},{"iso6391Locale":"de","value":"8-Punkt-Eingang, 10-28 V DC, stromziehend"},{"iso6391Locale":"es","value":"Entrada de 10-28 V CC de 8 puntos, drenador/disipador"},{"iso6391Locale":"pt","value":"Entrada de 10 V a 28 V CC de 8 pontos, dreno"},{"iso6391Locale":"it","value":"Ingresso 10 V-28 V CC a 8 punti, Sink"},{"iso6391Locale":"ja","value":"8 ポイント 10 ～ 28V DC 入力、シンク"},{"iso6391Locale":"ko","value":"8 포인트 10V-28V DC 입력, 싱크"},{"iso6391Locale":"zh","value":"8 点 10V-28V 直流输入，漏型"}],"majRevSeries":["A"],"cip":{"vendCode":1,"prodType":7,"prodCode":202,"majRev":3}},"categories":["Digital","Input"],"ports":[{"portID":"1","type":"ArmorPoint","downStreamOnly":false,"localOnly":false,"label":"Chassis","width":1,"connectorOffset":0,"noClass1OutRouting":false}],"image":{"ideIcon":{"name":"device-io-module"}},"ideSupport":{"ideStyle":"AOPCore","minIDEVersion":1,"PVCLSID":"{81E11FFF-A883-4C09-A274-FBCEEF42AE93}","PSCLSID":"{848B1A29-B8C1-4333-89EB-80C2EF30BDD9}"},"ioSupport":{"noRemoteChildren":false,"multicastOnly":false,"unicastOnly":false,"hmiButtonControl":false,"redundancy":{"canExistInRedundantChassis":false}}}]}
{"_id":{"$oid":"65ea5583b0903e221c0ee5bf"},"identity":{"productID":[],"cip":{"vendCode":1,"prodType":7,"prodCode":203}},"revisions":[{"identity":{"productID":["cip.type:1.7.203.3"],"vendor":"Rockwell Automation/Allen-Bradley","productType":[],"productName":"1738-IB8M8","catalog":"1738-IB8M8","description":[{"iso6391Locale":"en","value":"8 Point 10V-28V DC Input, Sink"},{"iso6391Locale":"fr","value":"Entrée 10-28 V CC, 8 points, dissipateur"},{"iso6391Locale":"de","value":"8-Punkt-Eingang, 10-28 V DC, stromziehend"},{"iso6391Locale":"es","value":"Entrada de 10-28 V CC de 8 puntos, drenador/disipador"},{"iso6391Locale":"pt","value":"Entrada de 10 V a 28 V CC de 8 pontos, dreno"},{"iso6391Locale":"it","value":"Ingresso 10 V-28 V CC a 8 punti, Sink"},{"iso6391Locale":"ja","value":"8 ポイント 10 ～ 28V DC 入力、シンク"},{"iso6391Locale":"ko","value":"8 포인트 10V-28V DC 입력, 싱크"},{"iso6391Locale":"zh","value":"8 点 10V-28V 直流输入，漏型"}],"majRevSeries":["A"],"cip":{"vendCode":1,"prodType":7,"prodCode":203,"majRev":3}},"categories":["Digital","Input"],"ports":[{"portID":"1","type":"ArmorPoint","downStreamOnly":false,"localOnly":false,"label":"Chassis","width":1,"connectorOffset":0,"noClass1OutRouting":false}],"image":{"ideIcon":{"name":"device-io-module"}},"ideSupport":{"ideStyle":"AOPCore","minIDEVersion":1,"PVCLSID":"{81E11FFF-A883-4C09-A274-FBCEEF42AE93}","PSCLSID":"{848B1A29-B8C1-4333-89EB-80C2EF30BDD9}"},"ioSupport":{"noRemoteChildren":false,"multicastOnly":false,"unicastOnly":false,"hmiButtonControl":false,"redundancy":{"canExistInRedundantChassis":false}}}]}
{"_id":{"$oid":"65ea5583b0903e221c0ee5c0"},"identity":{"productID":[],"cip":{"vendCode":1,"prodType":7,"prodCode":201}},"revisions":[{"identity":{"productID":["cip.type:1.7.201.3"],"vendor":"Rockwell Automation/Allen-Bradley","productType":[],"productName":"1738-IB8M12","catalog":"1738-IB8M12","description":[{"iso6391Locale":"en","value":"8 Point 10V-28V DC Input, Sink"},{"iso6391Locale":"fr","value":"Entrée 10-28 V CC, 8 points, dissipateur"},{"iso6391Locale":"de","value":"8-Punkt-Eingang, 10-28 V DC, stromziehend"},{"iso6391Locale":"es","value":"Entrada de 10-28 V CC de 8 puntos, drenador/disipador"},{"iso6391Locale":"pt","value":"Entrada de 10 V a 28 V CC de 8 pontos, dreno"},{"iso6391Locale":"it","value":"Ingresso 10 V-28 V CC a 8 punti, Sink"},{"iso6391Locale":"ja","value":"8 ポイント 10 ～ 28V DC 入力、シンク"},{"iso6391Locale":"ko","value":"8 포인트 10V-28V DC 입력, 싱크"},{"iso6391Locale":"zh","value":"8 点 10V-28V 直流输入，漏型"}],"majRevSeries":["A"],"cip":{"vendCode":1,"prodType":7,"prodCode":201,"majRev":3}},"categories":["Digital","Input"],"ports":[{"portID":"1","type":"ArmorPoint","downStreamOnly":false,"localOnly":false,"label":"Chassis","width":1,"connectorOffset":0,"noClass1OutRouting":false}],"image":{"ideIcon":{"name":"device-io-module"}},"ideSupport":{"ideStyle":"AOPCore","minIDEVersion":1,"PVCLSID":"{81E11FFF-A883-4C09-A274-FBCEEF42AE93}","PSCLSID":"{848B1A29-B8C1-4333-89EB-80C2EF30BDD9}"},"ioSupport":{"noRemoteChildren":false,"multicastOnly":false,"unicastOnly":false,"hmiButtonControl":false,"redundancy":{"canExistInRedundantChassis":false}}}]}
{"_id":{"$oid":"65ea5583b0903e221c0ee5c1"},"identity":{"productID":[],"cip":{"vendCode":1,"prodType":7,"prodCode":179}},"revisions":[{"identity":{"productID":["cip.type:1.7.179.3"],"vendor":"Rockwell Automation/Allen-Bradley","productType":[],"productName":"1738-IV8M12","catalog":"1738-IV8M12","description":[{"iso6391Locale":"en","value":"8 Point 10V-28V DC Input, Source"},{"iso6391Locale":"fr","value":"Entrée 10-28 V CC, 8 points, source"},{"iso6391Locale":"de","value":"8-Punkt-Eingang, 10-28 V DC, stromliefernd"},{"iso6391Locale":"es","value":"Entrada de 10-28 V CC de 8 puntos, origen/surtidor"},{"iso6391Locale":"pt","value":"Entrada de 10 V a 28 V CC de 8 pontos, fonte"},{"iso6391Locale":"it","value":"Ingresso 10 V-28 V CC a 8 punti, Origine"},{"iso6391Locale":"ja","value":"8 ポイント 10 ～ 28V DC 入力、ソース"},{"iso6391Locale":"ko","value":"8 포인트 10V-28V DC 입력, 소스"},{"iso6391Locale":"zh","value":"8 点 10V-28V 直流输入，源型"}],"majRevSeries":["A"],"cip":{"vendCode":1,"prodType":7,"prodCode":179,"majRev":3}},"categories":["Digital","Input"],"ports":[{"portID":"1","type":"ArmorPoint","downStreamOnly":false,"localOnly":false,"label":"Chassis","width":1,"connectorOffset":0,"noClass1OutRouting":false}],"image":{"ideIcon":{"name":"device-io-module"}},"ideSupport":{"ideStyle":"AOPCore","minIDEVersion":1,"PVCLSID":"{81E11FFF-A883-4C09-A274-FBCEEF42AE93}","PSCLSID":"{848B1A29-B8C1-4333-89EB-80C2EF30BDD9}"},"ioSupport":{"noRemoteChildren":false,"multicastOnly":false,"unicastOnly":false,"hmiButtonControl":false,"redundancy":{"canExistInRedundantChassis":false}}}]}
{"_id":{"$oid":"65ea5583b0903e221c0ee5c2"},"identity":{"productID":[],"cip":{"vendCode":1,"prodType":7,"prodCode":185}},"revisions":[{"identity":{"productID":["cip.type:1.7.185.3"],"vendor":"Rockwell Automation/Allen-Bradley","productType":[],"productName":"1738-IA2M12AC4","catalog":"1738-IA2M12AC4","description":[{"iso6391Locale":"en","value":"2 Point 120V AC Input"},{"iso6391Locale":"fr","value":"Entrée 120 V CA, 2 points"},{"iso6391Locale":"de","value":"2-Punkt-Eingang, 120 V AC"},{"iso6391Locale":"es","value":"Entrada de 120 V CA de 2 puntos"},{"iso6391Locale":"pt","value":"Entrada de 120 V CA de 2 pontos"},{"iso6391Locale":"it","value":"Ingresso 120 V CA a 2 punti"},{"iso6391Locale":"ja","value":"2 ポイント 120V AC 入力"},{"iso6391Locale":"ko","value":"2 포인트 120V AC 입력"},{"iso6391Locale":"zh","value":"2 点 120V 交流输入"}],"majRevSeries":["A"],"cip":{"vendCode":1,"prodType":7,"prodCode":185,"majRev":3}},"categories":["Digital","Input"],"ports":[{"portID":"1","type":"ArmorPoint","downStreamOnly":false,"localOnly":false,"label":"Chassis","width":1,"connectorOffset":0,"noClass1OutRouting":false}],"image":{"ideIcon":{"name":"device-io-module"}},"ideSupport":{"ideStyle":"AOPCore","minIDEVersion":1,"PVCLSID":"{81E11FFF-A883-4C09-A274-FBCEEF42AE93}","PSCLSID":"{848B1A29-B8C1-4333-89EB-80C2EF30BDD9}"},"ioSupport":{"noRemoteChildren":false,"multicastOnly":false,"unicastOnly":false,"hmiButtonControl":false,"redundancy":{"canExistInRedundantChassis":false}}}]}
{"_id":{"$oid":"65ea5583b0903e221c0ee5c3"},"identity":{"productID":[],"cip":{"vendCode":1,"prodType":7,"prodCode":221}},"revisions":[{"identity":{"productID":["cip.type:1.7.221.3"],"vendor":"Rockwell Automation/Allen-Bradley","productType":[],"productName":"1738-IA2M12AC3","catalog":"1738-IA2M12AC3","description":[{"iso6391Locale":"en","value":"2 Point 120V AC Input"},{"iso6391Locale":"fr","value":"Entrée 120 V CA, 2 points"},{"iso6391Locale":"de","value":"2-Punkt-Eingang, 120 V AC"},{"iso6391Locale":"es","value":"Entrada de 120 V CA de 2 puntos"},{"iso6391Locale":"pt","value":"Entrada de 120 V CA de 2 pontos"},{"iso6391Locale":"it","value":"Ingresso 120 V CA a 2 punti"},{"iso6391Locale":"ja","value":"2 ポイント 120V AC 入力"},{"iso6391Locale":"ko","value":"2 포인트 120V AC 입력"},{"iso6391Locale":"zh","value":"2 点 120V 交流输入"}],"majRevSeries":["A"],"cip":{"vendCode":1,"prodType":7,"prodCode":221,"majRev":3}},"categories":["Digital","Input"],"ports":[{"portID":"1","type":"ArmorPoint","downStreamOnly":false,"localOnly":false,"label":"Chassis","width":1,"connectorOffset":0,"noClass1OutRouting":false}],"image":{"ideIcon":{"name":"device-io-module"}},"ideSupport":{"ideStyle":"AOPCore","minIDEVersion":1,"PVCLSID":"{81E11FFF-A883-4C09-A274-FBCEEF42AE93}","PSCLSID":"{848B1A29-B8C1-4333-89EB-80C2EF30BDD9}"},"ioSupport":{"noRemoteChildren":false,"multicastOnly":false,"unicastOnly":false,"hmiButtonControl":false,"redundancy":{"canExistInRedundantChassis":false}}}]}
{"_id":{"$oid":"65ea5583b0903e221c0ee5c4"},"identity":{"productID":[],"cip":{"vendCode":1,"prodType":10,"prodCode":6}},"revisions":[{"identity":{"productID":["cip.type:1.10.6.2"],"vendor":"Rockwell Automation/Allen-Bradley","productType":[{"iso6391Locale":"en","value":"Multi-channel Analog"},{"iso6391Locale":"fr","value":"Analogique multi-voies"},{"iso6391Locale":"de","value":"Mehrkanaliges Analog-Module"},{"iso6391Locale":"es","value":"Analógico multicanal"},{"iso6391Locale":"it","value":"Analogico a più canali"},{"iso6391Locale":"pt","value":"Analógico de vários canais"},{"iso6391Locale":"ja","value":"マルチチャネルアナログ"},{"iso6391Locale":"ko","value":"다중 채널 아날로그"},{"iso6391Locale":"zh","value":"多通道模拟"}],"productName":"1756-IF16","catalog":"1756-IF16","description":[{"iso6391Locale":"en","value":"16 Channel Non-Isolated Voltage/Current Analog Input"},{"iso6391Locale":"fr","value":"Entrée analogique tension/courant non isolée, 16 canaux"},{"iso6391Locale":"de","value":"16-Kanal-Analogeingang, Spannung/Strom, nicht-isoliert"},{"iso6391Locale":"es","value":"Entrada analógica de voltaje/corriente no aislada de 16 canales"},{"iso6391Locale":"pt","value":"Entrada analógica de tensão/corrente 16 canais não isolada"},{"iso6391Locale":"it","value":"Ingresso analogico tensione/corrente non isolato a 16 canali"},{"iso6391Locale":"ja","value":"16 チャネル非絶縁電圧/電流アナログ入力"},{"iso6391Locale":"ko","value":"16 채널 비격리 전압/전류 아날로그 입력"},{"iso6391Locale":"zh","value":"16 通道非隔离式电压/电流模拟输入"}],"majRevSeries":["B"],"cip":{"vendCode":1,"prodType":10,"prodCode":6,"majRev":2}},"categories":["Analog","Input"],"ports":[{"portID":"1","type":"ICP","downStreamOnly":false,"localOnly":false,"label":"Chassis","width":1,"connectorOffset":0,"noClass1OutRouting":false}],"image":{"ideIcon":{"name":"device-io-module"}},"ideSupport":{"ideStyle":"AOPCore","minIDEVersion":1,"PVCLSID":"{81E11FFF-A883-4C09-A274-FBCEEF42AE93}","PSCLSID":"{848B1A29-B8C1-4333-89EB-80C2EF30BDD9}"},"ioSupport":{"noRemoteChildren":false,"multicastOnly":false,"unicastOnly":false,"hmiButtonControl":false,"redundancy":{"canExistInRedundantChassis":false},"aggregation":{"neoObjectSupported":{"objectSupported":false},"neoAggregationTarget":{"target":false},"bankMaster":{"bankMaster":false},"childBankMasterValidation":{"childBankMasterValidation":false}}}},{"identity":{"productID":["cip.type:1.10.6.1"],"vendor":"Rockwell Automation/Allen-Bradley","productType":[{"iso6391Locale":"en","value":"Multi-channel Analog"},{"iso6391Locale":"fr","value":"Analogique multi-voies"},{"iso6391Locale":"de","value":"Mehrkanaliges Analog-Module"},{"iso6391Locale":"es","value":"Analógico multicanal"},{"iso6391Locale":"it","value":"Analogico a più canali"},{"iso6391Locale":"pt","value":"Analógico de vários canais"},{"iso6391Locale":"ja","value":"マルチチャネルアナログ"},{"iso6391Locale":"ko","value":"다중 채널 아날로그"},{"iso6391Locale":"zh","value":"多通道模拟"}],"productName":"1756-IF16","catalog":"1756-IF16","description":[{"iso6391Locale":"en","value":"16 Channel Non-Isolated Voltage/Current Analog Input"},{"iso6391Locale":"fr","value":"Entrée analogique tension/courant non isolée, 16 canaux"},{"iso6391Locale":"de","value":"16-Kanal-Analogeingang, Spannung/Strom, nicht-isoliert"},{"iso6391Locale":"es","value":"Entrada analógica de voltaje/corriente no aislada de 16 canales"},{"iso6391Locale":"pt","value":"Entrada analógica de tensão/corrente 16 canais não isolada"},{"iso6391Locale":"it","value":"Ingresso analogico tensione/corrente non isolato a 16 canali"},{"iso6391Locale":"ja","value":"16 チャネル非絶縁電圧/電流アナログ入力"},{"iso6391Locale":"ko","value":"16 채널 비격리 전압/전류 아날로그 입력"},{"iso6391Locale":"zh","value":"16 通道非隔离式电压/电流模拟输入"}],"majRevSeries":["A"],"cip":{"majRev":1,"vendCode":1,"prodType":10,"prodCode":6}},"categories":["Analog","Input"],"ports":[{"portID":"1","type":"ICP","downStreamOnly":false,"localOnly":false,"label":"Chassis","width":1,"connectorOffset":0,"noClass1OutRouting":false}],"image":{"ideIcon":{"name":"device-io-module"}},"ideSupport":{"ideStyle":"AOPCore","minIDEVersion":1,"PVCLSID":"{81E11FFF-A883-4C09-A274-FBCEEF42AE93}","PSCLSID":"{848B1A29-B8C1-4333-89EB-80C2EF30BDD9}"},"ioSupport":{"noRemoteChildren":false,"multicastOnly":false,"unicastOnly":false,"hmiButtonControl":false,"redundancy":{"canExistInRedundantChassis":false},"aggregation":{"neoObjectSupported":{"objectSupported":false},"neoAggregationTarget":{"target":false},"bankMaster":{"bankMaster":false},"childBankMasterValidation":{"childBankMasterValidation":false}}}}]}
{"_id":{"$oid":"65ea5583b0903e221c0ee5c5"},"identity":{"productID":[],"cip":{"vendCode":1,"prodType":10,"prodCode":7}},"revisions":[{"identity":{"productID":["cip.type:1.10.7.2"],"vendor":"Rockwell Automation/Allen-Bradley","productType":[{"iso6391Locale":"en","value":"Multi-channel Analog"},{"iso6391Locale":"fr","value":"Analogique multi-voies"},{"iso6391Locale":"de","value":"Mehrkanaliges Analog-Module"},{"iso6391Locale":"es","value":"Analógico multicanal"},{"iso6391Locale":"it","value":"Analogico a più canali"},{"iso6391Locale":"pt","value":"Analógico de vários canais"},{"iso6391Locale":"ja","value":"マルチチャネルアナログ"},{"iso6391Locale":"ko","value":"다중 채널 아날로그"},{"iso6391Locale":"zh","value":"多通道模拟"}],"productName":"1756-IF8","catalog":"1756-IF8","description":[{"iso6391Locale":"en","value":"8 Channel Non-Isolated Voltage/Current Analog Input"},{"iso6391Locale":"fr","value":"Entrée analogique tension/courant non isolée, 8 canaux"},{"iso6391Locale":"de","value":"8-Kanal-Analogeingang, Spannung/Strom, nicht-isoliert"},{"iso6391Locale":"es","value":"Entrada analógica de voltaje/corriente no aislada de 8 canales"},{"iso6391Locale":"pt","value":"Entrada analógica de tensão/corrente 8 canais não isolada"},{"iso6391Locale":"it","value":"Ingresso analogico tensione/corrente non isolato a 8 canali"},{"iso6391Locale":"ja","value":"8 チャネル非絶縁電圧/電流アナログ入力"},{"iso6391Locale":"ko","value":"8 채널 비격리 전압/전류 아날로그 입력"},{"iso6391Locale":"zh","value":"8 通道非隔离式电压/电流模拟输入"}],"majRevSeries":["B"],"cip":{"vendCode":1,"prodType":10,"prodCode":7,"majRev":2}},"categories":["Analog","Input"],"ports":[{"portID":"1","type":"ICP","downStreamOnly":false,"localOnly":false,"label":"Chassis","width":1,"connectorOffset":0,"noClass1OutRouting":false}],"image":{"ideIcon":{"name":"device-io-module"}},"ideSupport":{"ideStyle":"AOPCore","minIDEVersion":1,"PVCLSID":"{81E11FFF-A883-4C09-A274-FBCEEF42AE93}","PSCLSID":"{848B1A29-B8C1-4333-89EB-80C2EF30BDD9}"},"ioSupport":{"noRemoteChildren":false,"multicastOnly":false,"unicastOnly":false,"hmiButtonControl":false,"redundancy":{"canExistInRedundantChassis":false},"aggregation":{"neoObjectSupported":{"objectSupported":false},"neoAggregationTarget":{"target":false},"bankMaster":{"bankMaster":false},"childBankMasterValidation":{"childBankMasterValidation":false}}}},{"identity":{"productID":["cip.type:1.10.7.1"],"vendor":"Rockwell Automation/Allen-Bradley","productType":[{"iso6391Locale":"en","value":"Multi-channel Analog"},{"iso6391Locale":"fr","value":"Analogique multi-voies"},{"iso6391Locale":"de","value":"Mehrkanaliges Analog-Module"},{"iso6391Locale":"es","value":"Analógico multicanal"},{"iso6391Locale":"it","value":"Analogico a più canali"},{"iso6391Locale":"pt","value":"Analógico de vários canais"},{"iso6391Locale":"ja","value":"マルチチャネルアナログ"},{"iso6391Locale":"ko","value":"다중 채널 아날로그"},{"iso6391Locale":"zh","value":"多通道模拟"}],"productName":"1756-IF8","catalog":"1756-IF8","description":[{"iso6391Locale":"en","value":"8 Channel Non-Isolated Voltage/Current Analog Input"},{"iso6391Locale":"fr","value":"Entrée analogique tension/courant non isolée, 8 canaux"},{"iso6391Locale":"de","value":"8-Kanal-Analogeingang, Spannung/Strom, nicht-isoliert"},{"iso6391Locale":"es","value":"Entrada analógica de voltaje/corriente no aislada de 8 canales"},{"iso6391Locale":"pt","value":"Entrada analógica de tensão/corrente 8 canais não isolada"},{"iso6391Locale":"it","value":"Ingresso analogico tensione/corrente non isolato a 8 canali"},{"iso6391Locale":"ja","value":"8 チャネル非絶縁電圧/電流アナログ入力"},{"iso6391Locale":"ko","value":"8 채널 비격리 전압/전류 아날로그 입력"},{"iso6391Locale":"zh","value":"8 通道非隔离式电压/电流模拟输入"}],"majRevSeries":["A"],"cip":{"majRev":1,"vendCode":1,"prodType":10,"prodCode":7}},"categories":["Analog","Input"],"ports":[{"portID":"1","type":"ICP","downStreamOnly":false,"localOnly":false,"label":"Chassis","width":1,"connectorOffset":0,"noClass1OutRouting":false}],"image":{"ideIcon":{"name":"device-io-module"}},"ideSupport":{"ideStyle":"AOPCore","minIDEVersion":1,"PVCLSID":"{81E11FFF-A883-4C09-A274-FBCEEF42AE93}","PSCLSID":"{848B1A29-B8C1-4333-89EB-80C2EF30BDD9}"},"ioSupport":{"noRemoteChildren":false,"multicastOnly":false,"unicastOnly":false,"hmiButtonControl":false,"redundancy":{"canExistInRedundantChassis":false},"aggregation":{"neoObjectSupported":{"objectSupported":false},"neoAggregationTarget":{"target":false},"bankMaster":{"bankMaster":false},"childBankMasterValidation":{"childBankMasterValidation":false}}}}]}
{"_id":{"$oid":"65ea5583b0903e221c0ee5c6"},"identity":{"productID":[],"cip":{"vendCode":1,"prodType":10,"prodCode":8}},"revisions":[{"identity":{"productID":["cip.type:1.10.8.2"],"vendor":"Rockwell Automation/Allen-Bradley","productType":[{"iso6391Locale":"en","value":"Multi-channel Analog"},{"iso6391Locale":"fr","value":"Analogique multi-voies"},{"iso6391Locale":"de","value":"Mehrkanaliges Analog-Module"},{"iso6391Locale":"es","value":"Analógico multicanal"},{"iso6391Locale":"it","value":"Analogico a più canali"},{"iso6391Locale":"pt","value":"Analógico de vários canais"},{"iso6391Locale":"ja","value":"マルチチャネルアナログ"},{"iso6391Locale":"ko","value":"다중 채널 아날로그"},{"iso6391Locale":"zh","value":"多通道模拟"}],"productName":"1756-OF4","catalog":"1756-OF4","description":[{"iso6391Locale":"en","value":"4 Channel Non-Isolated Voltage/Current Analog Output"},{"iso6391Locale":"fr","value":"Sortie analogique tension/courant non isolée, 4 canaux"},{"iso6391Locale":"de","value":"4-Kanal-Analogausgang, Spannung/Strom, nicht-isoliert"},{"iso6391Locale":"es","value":"Salida analógica de voltaje/corriente no aislada de 4 canales"},{"iso6391Locale":"pt","value":"Saída analógica de tensão/corrente 4 canais não isolada"},{"iso6391Locale":"it","value":"Uscita analogica tensione/corrente non isolata a 4 canali"},{"iso6391Locale":"ja","value":"4 チャネル非絶縁電圧/電流アナログ出力"},{"iso6391Locale":"ko","value":"4 채널 비격리 전압/전류 아날로그 출력"},{"iso6391Locale":"zh","value":"4 通道非隔离式电压/电流模拟输出"}],"majRevSeries":["B"],"cip":{"vendCode":1,"prodType":10,"prodCode":8,"majRev":2}},"categories":["Analog","Output"],"ports":[{"portID":"1","type":"ICP","downStreamOnly":false,"localOnly":false,"label":"Chassis","width":1,"connectorOffset":0,"noClass1OutRouting":false}],"image":{"ideIcon":{"name":"device-io-module"}},"ideSupport":{"ideStyle":"AOPCore","minIDEVersion":1,"PVCLSID":"{81E11FFF-A883-4C09-A274-FBCEEF42AE93}","PSCLSID":"{848B1A29-B8C1-4333-89EB-80C2EF30BDD9}"},"ioSupport":{"noRemoteChildren":false,"multicastOnly":false,"unicastOnly":false,"hmiButtonControl":false,"redundancy":{"canExistInRedundantChassis":false},"aggregation":{"neoObjectSupported":{"objectSupported":false},"neoAggregationTarget":{"target":false},"bankMaster":{"bankMaster":false},"childBankMasterValidation":{"childBankMasterValidation":false}}}},{"identity":{"productID":["cip.type:1.10.8.1"],"vendor":"Rockwell Automation/Allen-Bradley","productType":[{"iso6391Locale":"en","value":"Multi-channel Analog"},{"iso6391Locale":"fr","value":"Analogique multi-voies"},{"iso6391Locale":"de","value":"Mehrkanaliges Analog-Module"},{"iso6391Locale":"es","value":"Analógico multicanal"},{"iso6391Locale":"it","value":"Analogico a più canali"},{"iso6391Locale":"pt","value":"Analógico de vários canais"},{"iso6391Locale":"ja","value":"マルチチャネルアナログ"},{"iso6391Locale":"ko","value":"다중 채널 아날로그"},{"iso6391Locale":"zh","value":"多通道模拟"}],"productName":"1756-OF4","catalog":"1756-OF4","description":[{"iso6391Locale":"en","value":"4 Channel Non-Isolated Voltage/Current Analog Output"},{"iso6391Locale":"fr","value":"Sortie analogique tension/courant non isolée, 4 canaux"},{"iso6391Locale":"de","value":"4-Kanal-Analogausgang, Spannung/Strom, nicht-isoliert"},{"iso6391Locale":"es","value":"Salida analógica de voltaje/corriente no aislada de 4 canales"},{"iso6391Locale":"pt","value":"Saída analógica de tensão/corrente 4 canais não isolada"},{"iso6391Locale":"it","value":"Uscita analogica tensione/corrente non isolata a 4 canali"},{"iso6391Locale":"ja","value":"4 チャネル非絶縁電圧/電流アナログ出力"},{"iso6391Locale":"ko","value":"4 채널 비격리 전압/전류 아날로그 출력"},{"iso6391Locale":"zh","value":"4 通道非隔离式电压/电流模拟输出"}],"majRevSeries":["A"],"cip":{"majRev":1,"vendCode":1,"prodType":10,"prodCode":8}},"categories":["Analog","Output"],"ports":[{"portID":"1","type":"ICP","downStreamOnly":false,"localOnly":false,"label":"Chassis","width":1,"connectorOffset":0,"noClass1OutRouting":false}],"image":{"ideIcon":{"name":"device-io-module"}},"ideSupport":{"ideStyle":"AOPCore","minIDEVersion":1,"PVCLSID":"{81E11FFF-A883-4C09-A274-FBCEEF42AE93}","PSCLSID":"{848B1A29-B8C1-4333-89EB-80C2EF30BDD9}"},"ioSupport":{"noRemoteChildren":false,"multicastOnly":false,"unicastOnly":false,"hmiButtonControl":false,"redundancy":{"canExistInRedundantChassis":false},"aggregation":{"neoObjectSupported":{"objectSupported":false},"neoAggregationTarget":{"target":false},"bankMaster":{"bankMaster":false},"childBankMasterValidation":{"childBankMasterValidation":false}}}}]}
{"_id":{"$oid":"65ea5583b0903e221c0ee5c7"},"identity":{"productID":[],"cip":{"vendCode":1,"prodType":10,"prodCode":9}},"revisions":[{"identity":{"productID":["cip.type:1.10.9.2"],"vendor":"Rockwell Automation/Allen-Bradley","productType":[{"iso6391Locale":"en","value":"Multi-channel Analog"},{"iso6391Locale":"fr","value":"Analogique multi-voies"},{"iso6391Locale":"de","value":"Mehrkanaliges Analog-Module"},{"iso6391Locale":"es","value":"Analógico multicanal"},{"iso6391Locale":"it","value":"Analogico a più canali"},{"iso6391Locale":"pt","value":"Analógico de vários canais"},{"iso6391Locale":"ja","value":"マルチチャネルアナログ"},{"iso6391Locale":"ko","value":"다중 채널 아날로그"},{"iso6391Locale":"zh","value":"多通道模拟"}],"productName":"1756-OF8","catalog":"1756-OF8","description":[{"iso6391Locale":"en","value":"8 Channel Non-Isolated Voltage/Current Analog Output"},{"iso6391Locale":"fr","value":"Sortie analogique tension/courant non isolée, 8 canaux"},{"iso6391Locale":"de","value":"8-Kanal-Analogausgang, Spannung/Strom, nicht-isoliert"},{"iso6391Locale":"es","value":"Salida analógica de voltaje/corriente no aislada de 8 canales"},{"iso6391Locale":"pt","value":"Saída analógica de tensão/corrente 8 canais não isolada"},{"iso6391Locale":"it","value":"Uscita analogica tensione/corrente non isolata a 8 canali"},{"iso6391Locale":"ja","value":"8 チャネル非絶縁電圧/電流アナログ出力"},{"iso6391Locale":"ko","value":"8 채널 비격리 전압/전류 아날로그 출력"},{"iso6391Locale":"zh","value":"8 通道非隔离式电压/电流模拟输出"}],"majRevSeries":["B"],"cip":{"vendCode":1,"prodType":10,"prodCode":9,"majRev":2}},"categories":["Analog","Output"],"ports":[{"portID":"1","type":"ICP","downStreamOnly":false,"localOnly":false,"label":"Chassis","width":1,"connectorOffset":0,"noClass1OutRouting":false}],"image":{"ideIcon":{"name":"device-io-module"}},"ideSupport":{"ideStyle":"AOPCore","minIDEVersion":1,"PVCLSID":"{81E11FFF-A883-4C09-A274-FBCEEF42AE93}","PSCLSID":"{848B1A29-B8C1-4333-89EB-80C2EF30BDD9}"},"ioSupport":{"noRemoteChildren":false,"multicastOnly":false,"unicastOnly":false,"hmiButtonControl":false,"redundancy":{"canExistInRedundantChassis":false},"aggregation":{"neoObjectSupported":{"objectSupported":false},"neoAggregationTarget":{"target":false},"bankMaster":{"bankMaster":false},"childBankMasterValidation":{"childBankMasterValidation":false}}}},{"identity":{"productID":["cip.type:1.10.9.1"],"vendor":"Rockwell Automation/Allen-Bradley","productType":[{"iso6391Locale":"en","value":"Multi-channel Analog"},{"iso6391Locale":"fr","value":"Analogique multi-voies"},{"iso6391Locale":"de","value":"Mehrkanaliges Analog-Module"},{"iso6391Locale":"es","value":"Analógico multicanal"},{"iso6391Locale":"it","value":"Analogico a più canali"},{"iso6391Locale":"pt","value":"Analógico de vários canais"},{"iso6391Locale":"ja","value":"マルチチャネルアナログ"},{"iso6391Locale":"ko","value":"다중 채널 아날로그"},{"iso6391Locale":"zh","value":"多通道模拟"}],"productName":"1756-OF8","catalog":"1756-OF8","description":[{"iso6391Locale":"en","value":"8 Channel Non-Isolated Voltage/Current Analog Output"},{"iso6391Locale":"fr","value":"Sortie analogique tension/courant non isolée, 8 canaux"},{"iso6391Locale":"de","value":"8-Kanal-Analogausgang, Spannung/Strom, nicht-isoliert"},{"iso6391Locale":"es","value":"Salida analógica de voltaje/corriente no aislada de 8 canales"},{"iso6391Locale":"pt","value":"Saída analógica de tensão/corrente 8 canais não isolada"},{"iso6391Locale":"it","value":"Uscita analogica tensione/corrente non isolata a 8 canali"},{"iso6391Locale":"ja","value":"8 チャネル非絶縁電圧/電流アナログ出力"},{"iso6391Locale":"ko","value":"8 채널 비격리 전압/전류 아날로그 출력"},{"iso6391Locale":"zh","value":"8 通道非隔离式电压/电流模拟输出"}],"majRevSeries":["A"],"cip":{"majRev":1,"vendCode":1,"prodType":10,"prodCode":9}},"categories":["Analog","Output"],"ports":[{"portID":"1","type":"ICP","downStreamOnly":false,"localOnly":false,"label":"Chassis","width":1,"connectorOffset":0,"noClass1OutRouting":false}],"image":{"ideIcon":{"name":"device-io-module"}},"ideSupport":{"ideStyle":"AOPCore","minIDEVersion":1,"PVCLSID":"{81E11FFF-A883-4C09-A274-FBCEEF42AE93}","PSCLSID":"{848B1A29-B8C1-4333-89EB-80C2EF30BDD9}"},"ioSupport":{"noRemoteChildren":false,"multicastOnly":false,"unicastOnly":false,"hmiButtonControl":false,"redundancy":{"canExistInRedundantChassis":false},"aggregation":{"neoObjectSupported":{"objectSupported":false},"neoAggregationTarget":{"target":false},"bankMaster":{"bankMaster":false},"childBankMasterValidation":{"childBankMasterValidation":false}}}}]}
{"_id":{"$oid":"65ea5583b0903e221c0ee5c8"},"identity":{"productID":[],"cip":{"vendCode":1,"prodType":10,"prodCode":10}},"revisions":[{"identity":{"productID":["cip.type:1.10.10.3"],"vendor":"Rockwell Automation/Allen-Bradley","productType":[{"iso6391Locale":"en","value":"Multi-channel Analog"},{"iso6391Locale":"fr","value":"Analogique multi-voies"},{"iso6391Locale":"de","value":"Mehrkanaliges Analog-Module"},{"iso6391Locale":"es","value":"Analógico multicanal"},{"iso6391Locale":"it","value":"Analogico a più canali"},{"iso6391Locale":"pt","value":"Analógico de vários canais"},{"iso6391Locale":"ja","value":"マルチチャネルアナログ"},{"iso6391Locale":"ko","value":"다중 채널 아날로그"},{"iso6391Locale":"zh","value":"多通道模拟"}],"productName":"1756-IF4FXOF2F","catalog":"1756-IF4FXOF2F","description":[{"iso6391Locale":"en","value":"4 Current/Volt Inputs/2 Current/Volt Outputs Fast Analog"},{"iso6391Locale":"fr","value":"4 entrées courant/volt / 2 sorties analogiques rapides courant/volt"},{"iso6391Locale":"de","value":"4 Strom-/Spannungseingänge/2 Strom-/Spannungsausgänge, schnell, analog"},{"iso6391Locale":"es","value":"4 entradas de corriente/voltaje/2 salidas de corriente/voltaje analógicas rápidas"},{"iso6391Locale":"pt","value":"4 entradas de corrente/volts/2 saídas corrente/volts analógicas rápidas"},{"iso6391Locale":"it","value":"4 ingressi corrente/volt/2 uscite corrente/volt analogico veloce"},{"iso6391Locale":"ja","value":"4 電流/電圧入力/2 電流/電圧出力高速アナログ"},{"iso6391Locale":"ko","value":"4 전류/전압 입력/2 전류/전압 출력 빠른 아날로그"},{"iso6391Locale":"zh","value":"4 电流/伏特输入/2 电流/电压输出快速模拟"}],"majRevSeries":["B"],"cip":{"vendCode":1,"prodType":10,"prodCode":10,"majRev":3}},"categories":["Analog","Input","Output"],"ports":[{"portID":"1","type":"ICP","downStreamOnly":false,"localOnly":false,"label":"Chassis","width":1,"connectorOffset":0,"noClass1OutRouting":false}],"image":{"ideIcon":{"name":"device-io-module"}},"ideSupport":{"ideStyle":"AOPCore","minIDEVersion":1,"PVCLSID":"{81E11FFF-A883-4C09-A274-FBCEEF42AE93}","PSCLSID":"{848B1A29-B8C1-4333-89EB-80C2EF30BDD9}"},"ioSupport":{"noRemoteChildren":false,"multicastOnly":false,"unicastOnly":false,"hmiButtonControl":false,"redundancy":{"canExistInRedundantChassis":false}}},{"identity":{"productID":["cip.type:1.10.10.1"],"vendor":"Rockwell Automation/Allen-Bradley","productType":[{"iso6391Locale":"en","value":"Multi-channel Analog"},{"iso6391Locale":"fr","value":"Analogique multi-voies"},{"iso6391Locale":"de","value":"Mehrkanaliges Analog-Module"},{"iso6391Locale":"es","value":"Analógico multicanal"},{"iso6391Locale":"it","value":"Analogico a più canali"},{"iso6391Locale":"pt","value":"Analógico de vários canais"},{"iso6391Locale":"ja","value":"マルチチャネルアナログ"},{"iso6391Locale":"ko","value":"다중 채널 아날로그"},{"iso6391Locale":"zh","value":"多通道模拟"}],"productName":"1756-IF4FXOF2F","catalog":"1756-IF4FXOF2F","description":[{"iso6391Locale":"en","value":"4 Current/Volt Inputs/2 Current/Volt Outputs Fast Analog"},{"iso6391Locale":"fr","value":"4 entrées courant/volt / 2 sorties analogiques rapides courant/volt"},{"iso6391Locale":"de","value":"4 Strom-/Spannungseingänge/2 Strom-/Spannungsausgänge, schnell, analog"},{"iso6391Locale":"es","value":"4 entradas de corriente/voltaje/2 salidas de corriente/voltaje analógicas rápidas"},{"iso6391Locale":"pt","value":"4 entradas de corrente/volts/2 saídas corrente/volts analógicas rápidas"},{"iso6391Locale":"it","value":"4 ingressi corrente/volt/2 uscite corrente/volt analogico veloce"},{"iso6391Locale":"ja","value":"4 電流/電圧入力/2 電流/電圧出力高速アナログ"},{"iso6391Locale":"ko","value":"4 전류/전압 입력/2 전류/전압 출력 빠른 아날로그"},{"iso6391Locale":"zh","value":"4 电流/伏特输入/2 电流/电压输出快速模拟"}],"majRevSeries":["A"],"cip":{"majRev":1,"vendCode":1,"prodType":10,"prodCode":10}},"categories":["Analog","Input","Output"],"ports":[{"portID":"1","type":"ICP","downStreamOnly":false,"localOnly":false,"label":"Chassis","width":1,"connectorOffset":0,"noClass1OutRouting":false}],"image":{"ideIcon":{"name":"device-io-module"}},"ideSupport":{"ideStyle":"AOPCore","minIDEVersion":1,"PVCLSID":"{81E11FFF-A883-4C09-A274-FBCEEF42AE93}","PSCLSID":"{848B1A29-B8C1-4333-89EB-80C2EF30BDD9}"},"ioSupport":{"noRemoteChildren":false,"multicastOnly":false,"unicastOnly":false,"hmiButtonControl":false,"redundancy":{"canExistInRedundantChassis":false}}}]}
{"_id":{"$oid":"65ea5583b0903e221c0ee5c9"},"identity":{"productID":[],"cip":{"vendCode":1,"prodType":7,"prodCode":386}},"revisions":[{"identity":{"productID":["cip.type:1.7.386.1"],"vendor":"Rockwell Automation/Allen-Bradley","productType":[],"productName":"1756-IB16IF","catalog":"1756-IB16IF","description":[{"iso6391Locale":"en","value":"16 Point 24V High Speed DC Isolated Input, Sink/Source"},{"iso6391Locale":"fr","value":"Entrée isolée 24 V CC haute vitesse, 16 points, dissipateur/source"},{"iso6391Locale":"de","value":"Hochgeschwindigkeits-16-Punkt-Eingang 24 V DC, stromziehend/stromliefernd, isoliert"},{"iso6391Locale":"es","value":"Entrada aislada de alta velocidad de 24 V CC de 16 puntos, drenador-disipador/origen-surtidor"},{"iso6391Locale":"pt","value":"Entrada CC isolada de alta velocidade 24 V 16 pontos, dreno/fonte"},{"iso6391Locale":"it","value":"Ingresso isolato CC alta velocità 24 V 16 punti, sink/origine"},{"iso6391Locale":"ja","value":"16 ポイント 24V 高速 DC 絶縁入力、シンク/ソース"},{"iso6391Locale":"ko","value":"16 포인트 24V 고속 DC 격리식 입력, 싱크/소스"},{"iso6391Locale":"zh","value":"16 点 24V 高速直流隔离式输入，漏型/源型"}],"majRevSeries":["A"],"cip":{"vendCode":1,"prodType":7,"prodCode":386,"majRev":1}},"categories":["Digital","Input"],"ports":[{"portID":"1","type":"ICP","downStreamOnly":false,"localOnly":false,"label":"Chassis","width":1,"connectorOffset":0,"noClass1OutRouting":false}],"image":{"ideIcon":{"name":"device-io-module"}},"ideSupport":{"ideStyle":"AOPCore","minIDEVersion":1,"PVCLSID":"{81E11FFF-A883-4C09-A274-FBCEEF42AE93}","PSCLSID":"{848B1A29-B8C1-4333-89EB-80C2EF30BDD9}"},"ioSupport":{"noRemoteChildren":false,"multicastOnly":false,"unicastOnly":false,"hmiButtonControl":false,"redundancy":{"canExistInRedundantChassis":false},"aggregation":{"neoObjectSupported":{"objectSupported":false},"neoAggregationTarget":{"target":false},"bankMaster":{"bankMaster":false},"childBankMasterValidation":{"childBankMasterValidation":false}}}}]}
{"_id":{"$oid":"65ea5583b0903e221c0ee5ca"},"identity":{"productID":[],"cip":{"vendCode":1,"prodType":109,"prodCode":74}},"revisions":[{"identity":{"productID":["cip.type:1.109.74.1"],"vendor":"Rockwell Automation/Allen-Bradley","productType":[],"productName":"1756-LSC8XIB8I","catalog":"1756-LSC8XIB8I","description":[{"iso6391Locale":"en","value":"8 Counter, 8 Input Point 24V High Speed DC Isolated, Sink/Source"},{"iso6391Locale":"fr","value":"8 compteurs, 8 points d'entrée 24 V CC haute vitesse isolés, dissipateur/source"},{"iso6391Locale":"de","value":"8-Zähler, Hochgeschwindigkeits-8-Punkt-Eingang 24 V DC, stromziehend/stromliefernd, isoliert"},{"iso6391Locale":"es","value":"Entrada aislada de alta velocidad de 24 V CC de 8 puntos de entrada, 8 contadores drenador-disipador/origen-surtidor"},{"iso6391Locale":"pt","value":"8 contadores, CC de alta velocidade 24 V 8 pontos de entrada isolada, dreno/fonte"},{"iso6391Locale":"it","value":"Isolato CC alta velocità 24 V 8 contatori, 8 punti di ingresso, sink/source"},{"iso6391Locale":"ja","value":"8 カウンタ、8 入力ポイント 24V 高速 DC 絶縁済み、シンク/ソース"},{"iso6391Locale":"ko","value":"8 카운터, 8 입력 포인트 24V 고속 DC 격리식, 싱크/소스"},{"iso6391Locale":"zh","value":"8 个计数器，8 个输入点 24V 高速直流隔离式，漏型/源型"}],"majRevSeries":["A"],"cip":{"vendCode":1,"prodType":109,"prodCode":74,"majRev":1}},"categories":["Specialty","Input"],"ports":[{"portID":"1","type":"ICP","downStreamOnly":false,"localOnly":false,"label":"Chassis","width":1,"connectorOffset":0,"noClass1OutRouting":false}],"image":{"ideIcon":{"name":"device-io-module"}},"ideSupport":{"ideStyle":"AOPCore","minIDEVersion":1,"PVCLSID":"{81E11FFF-A883-4C09-A274-FBCEEF42AE93}","PSCLSID":"{848B1A29-B8C1-4333-89EB-80C2EF30BDD9}"},"ioSupport":{"noRemoteChildren":false,"multicastOnly":false,"unicastOnly":false,"hmiButtonControl":false,"redundancy":{"canExistInRedundantChassis":false},"aggregation":{"neoObjectSupported":{"objectSupported":false},"neoAggregationTarget":{"target":false},"bankMaster":{"bankMaster":false},"childBankMasterValidation":{"childBankMasterValidation":false}}}}]}
{"_id":{"$oid":"65ea5583b0903e221c0ee5cb"},"identity":{"productID":[],"cip":{"vendCode":1,"prodType":7,"prodCode":388}},"revisions":[{"identity":{"productID":["cip.type:1.7.388.2"],"vendor":"Rockwell Automation/Allen-Bradley","productType":[],"productName":"1756-OB16IEF","catalog":"1756-OB16IEF","description":[{"iso6391Locale":"en","value":"16 Point 24V High Speed DC Isolated Output, Sink/Source"},{"iso6391Locale":"fr","value":"Sortie isolée 24 V CC haute vitesse, 16 points, dissipateur/source"},{"iso6391Locale":"de","value":"Hochgeschwindigkeits-16-Punkt-Ausgang, 24 V DC, stromziehend/stromliefernd, isoliert"},{"iso6391Locale":"es","value":"Salida aislada de alta velocidad de 24 V CC de 16 puntos, drenador-disipador/origen-surtidor"},{"iso6391Locale":"pt","value":"Saída CC isolada de alta velocidade 24 V 16 pontos, dreno/fonte"},{"iso6391Locale":"it","value":"Uscita isolata CC alta velocità 24 V 16 punti, sink/origine"},{"iso6391Locale":"ja","value":"16 ポイント 24V 高速 DC 絶縁出力、シンク/ソース"},{"iso6391Locale":"ko","value":"16 포인트 24V 고속 DC 격리식 출력, 싱크/소스"},{"iso6391Locale":"zh","value":"16 点 24V 高速直流隔离式输出，漏型/源型"}],"majRevSeries":["A"],"cip":{"vendCode":1,"prodType":7,"prodCode":388,"majRev":2}},"categories":["Digital","Output"],"ports":[{"portID":"1","type":"ICP","downStreamOnly":false,"localOnly":false,"label":"Chassis","width":1,"connectorOffset":0,"noClass1OutRouting":false}],"image":{"ideIcon":{"name":"device-io-module"}},"ideSupport":{"ideStyle":"AOPCore","minIDEVersion":1,"PVCLSID":"{81E11FFF-A883-4C09-A274-FBCEEF42AE93}","PSCLSID":"{848B1A29-B8C1-4333-89EB-80C2EF30BDD9}"},"ioSupport":{"noRemoteChildren":false,"multicastOnly":false,"unicastOnly":false,"hmiButtonControl":false,"redundancy":{"canExistInRedundantChassis":false},"aggregation":{"neoObjectSupported":{"objectSupported":false},"neoAggregationTarget":{"target":false},"bankMaster":{"bankMaster":false},"childBankMasterValidation":{"childBankMasterValidation":false}}}},{"identity":{"productID":["cip.type:1.7.388.1"],"vendor":"Rockwell Automation/Allen-Bradley","productType":[],"productName":"1756-OB16IEF","catalog":"1756-OB16IEF","description":[{"iso6391Locale":"en","value":"16 Point 24V High Speed DC Isolated Output, Sink/Source"},{"iso6391Locale":"fr","value":"Sortie isolée 24 V CC haute vitesse, 16 points, dissipateur/source"},{"iso6391Locale":"de","value":"Hochgeschwindigkeits-16-Punkt-Ausgang, 24 V DC, stromziehend/stromliefernd, isoliert"},{"iso6391Locale":"es","value":"Salida aislada de alta velocidad de 24 V CC de 16 puntos, drenador-disipador/origen-surtidor"},{"iso6391Locale":"pt","value":"Saída CC isolada de alta velocidade 24 V 16 pontos, dreno/fonte"},{"iso6391Locale":"it","value":"Uscita isolata CC alta velocità 24 V 16 punti, sink/origine"},{"iso6391Locale":"ja","value":"16 ポイント 24V 高速 DC 絶縁出力、シンク/ソース"},{"iso6391Locale":"ko","value":"16 포인트 24V 고속 DC 격리식 출력, 싱크/소스"},{"iso6391Locale":"zh","value":"16 点 24V 高速直流隔离式输出，漏型/源型"}],"majRevSeries":["A"],"cip":{"majRev":1,"vendCode":1,"prodType":7,"prodCode":388}},"categories":["Digital","Output"],"ports":[{"portID":"1","type":"ICP","downStreamOnly":false,"localOnly":false,"label":"Chassis","width":1,"connectorOffset":0,"noClass1OutRouting":false}],"image":{"ideIcon":{"name":"device-io-module"}},"ideSupport":{"ideStyle":"AOPCore","minIDEVersion":1,"PVCLSID":"{81E11FFF-A883-4C09-A274-FBCEEF42AE93}","PSCLSID":"{848B1A29-B8C1-4333-89EB-80C2EF30BDD9}"},"ioSupport":{"noRemoteChildren":false,"multicastOnly":false,"unicastOnly":false,"hmiButtonControl":false,"redundancy":{"canExistInRedundantChassis":false},"aggregation":{"neoObjectSupported":{"objectSupported":false},"neoAggregationTarget":{"target":false},"bankMaster":{"bankMaster":false},"childBankMasterValidation":{"childBankMasterValidation":false}}}}]}
{"_id":{"$oid":"65ea5583b0903e221c0ee5cc"},"identity":{"productID":[],"cip":{"vendCode":1,"prodType":7,"prodCode":389}},"revisions":[{"identity":{"productID":["cip.type:1.7.389.1"],"vendor":"Rockwell Automation/Allen-Bradley","productType":[],"productName":"1756-OB16IEFS","catalog":"1756-OB16IEFS","description":[{"iso6391Locale":"en","value":"16 Point 24V High Speed DC Isolated Scheduled Output, Sink/Source"},{"iso6391Locale":"fr","value":"Sortie programmée isolée à haute vitesse 24 V CC, 16 points, dissipateur/source"},{"iso6391Locale":"de","value":"Hochgeschwindigkeits-16-Punkt-Ausgang, 24 V DC, zeitgesteuert, stromziehend/stromliefernd, isoliert"},{"iso6391Locale":"es","value":"Salida programada aislada de alta velocidad de 24 V CC de 16 puntos, drenador-disipador/origen-surtidor"},{"iso6391Locale":"pt","value":"Saída CC agendada isolada de alta velocidade 24 V 16 pontos, dreno/fonte"},{"iso6391Locale":"it","value":"Uscita pianificata isolata CC alta velocità 24 V 16 punti, sink/origine"},{"iso6391Locale":"ja","value":"16 ポイント 24V 高速 DC 絶縁スケジュール出力、シンク/ソース"},{"iso6391Locale":"ko","value":"16 포인트 24V 고속 DC 격리식 예약 출력, 싱크/소스"},{"iso6391Locale":"zh","value":"16 点 24V 高速直流隔离式预定输出，漏型/源型"}],"majRevSeries":["A"],"cip":{"vendCode":1,"prodType":7,"prodCode":389,"majRev":1}},"categories":["Digital","Output"],"ports":[{"portID":"1","type":"ICP","downStreamOnly":false,"localOnly":false,"label":"Chassis","width":1,"connectorOffset":0,"noClass1OutRouting":false}],"image":{"ideIcon":{"name":"device-io-module"}},"ideSupport":{"ideStyle":"AOPCore","minIDEVersion":1,"PVCLSID":"{81E11FFF-A883-4C09-A274-FBCEEF42AE93}","PSCLSID":"{848B1A29-B8C1-4333-89EB-80C2EF30BDD9}"},"ioSupport":{"noRemoteChildren":false,"multicastOnly":false,"unicastOnly":false,"hmiButtonControl":false,"redundancy":{"canExistInRedundantChassis":false},"aggregation":{"neoObjectSupported":{"objectSupported":false},"neoAggregationTarget":{"target":false},"bankMaster":{"bankMaster":false},"childBankMasterValidation":{"childBankMasterValidation":false}}}}]}
{"_id":{"$oid":"65ea5583b0903e221c0ee5cd"},"identity":{"productID":[],"cip":{"vendCode":1,"prodType":10,"prodCode":454}},"revisions":[{"identity":{"productID":["cip.type:1.10.454.3"],"vendor":"Rockwell Automation/Allen-Bradley","productType":[{"iso6391Locale":"en","value":"Multi-channel Analog"},{"iso6391Locale":"fr","value":"Analogique multi-voies"},{"iso6391Locale":"de","value":"Mehrkanaliges Analog-Module"},{"iso6391Locale":"es","value":"Analógico multicanal"},{"iso6391Locale":"it","value":"Analogico a più canali"},{"iso6391Locale":"pt","value":"Analógico de vários canais"},{"iso6391Locale":"ja","value":"マルチチャネルアナログ"},{"iso6391Locale":"ko","value":"다중 채널 아날로그"},{"iso6391Locale":"zh","value":"多通道模拟"}],"productName":"1756-IF8I","catalog":"1756-IF8I","description":[{"iso6391Locale":"en","value":"8 Channel Voltage/Current Analog Input,Isolated"},{"iso6391Locale":"fr","value":"Entrée analogique tension/courant, 8 canaux, isolée"},{"iso6391Locale":"de","value":"8-Kanal-Analogeingang, Spannung/Strom, isoliert"},{"iso6391Locale":"es","value":"Entrada analógica de corriente/voltaje de 8 canales, aislada"},{"iso6391Locale":"pt","value":"Entrada analógica de tensão/corrente de 8 canais, isolada"},{"iso6391Locale":"it","value":"Ingresso analogico con tensione/corrente a 8 canali, isolato"},{"iso6391Locale":"ja","value":"8 チャネル電圧/電流アナログ入力、絶縁"},{"iso6391Locale":"ko","value":"8 채널 전압/전류 아날로그 입력, 격리식"},{"iso6391Locale":"zh","value":"8 通道电压/电流模拟输入，隔离式"}],"majRevSeries":["B"],"cip":{"vendCode":1,"prodType":10,"prodCode":454,"majRev":3}},"categories":["Analog","Input"],"ports":[{"portID":"1","type":"ICP","downStreamOnly":false,"localOnly":false,"label":"Chassis","width":1,"connectorOffset":0,"noClass1OutRouting":false}],"image":{"ideIcon":{"name":"device-io-module"}},"ideSupport":{"ideStyle":"AOPCore","minIDEVersion":1,"PVCLSID":"{81E11FFF-A883-4C09-A274-FBCEEF42AE93}","PSCLSID":"{848B1A29-B8C1-4333-89EB-80C2EF30BDD9}"},"ioSupport":{"noRemoteChildren":false,"multicastOnly":false,"unicastOnly":false,"hmiButtonControl":false,"redundancy":{"canExistInRedundantChassis":false},"aggregation":{"neoObjectSupported":{"objectSupported":false},"neoAggregationTarget":{"target":false},"bankMaster":{"bankMaster":false},"childBankMasterValidation":{"childBankMasterValidation":false}}}},{"identity":{"productID":["cip.type:1.10.454.2"],"vendor":"Rockwell Automation/Allen-Bradley","productType":[{"iso6391Locale":"en","value":"Multi-channel Analog"},{"iso6391Locale":"fr","value":"Analogique multi-voies"},{"iso6391Locale":"de","value":"Mehrkanaliges Analog-Module"},{"iso6391Locale":"es","value":"Analógico multicanal"},{"iso6391Locale":"it","value":"Analogico a più canali"},{"iso6391Locale":"pt","value":"Analógico de vários canais"},{"iso6391Locale":"ja","value":"マルチチャネルアナログ"},{"iso6391Locale":"ko","value":"다중 채널 아날로그"},{"iso6391Locale":"zh","value":"多通道模拟"}],"productName":"1756-IF8I","catalog":"1756-IF8I","description":[{"iso6391Locale":"en","value":"8 Channel Voltage/Current Analog Input,Isolated"},{"iso6391Locale":"fr","value":"Entrée analogique tension/courant, 8 canaux, isolée"},{"iso6391Locale":"de","value":"8-Kanal-Analogeingang, Spannung/Strom, isoliert"},{"iso6391Locale":"es","value":"Entrada analógica de corriente/voltaje de 8 canales, aislada"},{"iso6391Locale":"pt","value":"Entrada analógica de tensão/corrente de 8 canais, isolada"},{"iso6391Locale":"it","value":"Ingresso analogico con tensione/corrente a 8 canali, isolato"},{"iso6391Locale":"ja","value":"8 チャネル電圧/電流アナログ入力、絶縁"},{"iso6391Locale":"ko","value":"8 채널 전압/전류 아날로그 입력, 격리식"},{"iso6391Locale":"zh","value":"8 通道电压/电流模拟输入，隔离式"}],"majRevSeries":["A"],"cip":{"majRev":2,"vendCode":1,"prodType":10,"prodCode":454}},"categories":["Analog","Input"],"ports":[{"portID":"1","type":"ICP","downStreamOnly":false,"localOnly":false,"label":"Chassis","width":1,"connectorOffset":0,"noClass1OutRouting":false}],"image":{"ideIcon":{"name":"device-io-module"}},"ideSupport":{"ideStyle":"AOPCore","minIDEVersion":1,"PVCLSID":"{81E11FFF-A883-4C09-A274-FBCEEF42AE93}","PSCLSID":"{848B1A29-B8C1-4333-89EB-80C2EF30BDD9}"},"ioSupport":{"noRemoteChildren":false,"multicastOnly":false,"unicastOnly":false,"hmiButtonControl":false,"redundancy":{"canExistInRedundantChassis":false},"aggregation":{"neoObjectSupported":{"objectSupported":false},"neoAggregationTarget":{"target":false},"bankMaster":{"bankMaster":false},"childBankMasterValidation":{"childBankMasterValidation":false}}}},{"identity":{"productID":["cip.type:1.10.454.1"],"vendor":"Rockwell Automation/Allen-Bradley","productType":[{"iso6391Locale":"en","value":"Multi-channel Analog"},{"iso6391Locale":"fr","value":"Analogique multi-voies"},{"iso6391Locale":"de","value":"Mehrkanaliges Analog-Module"},{"iso6391Locale":"es","value":"Analógico multicanal"},{"iso6391Locale":"it","value":"Analogico a più canali"},{"iso6391Locale":"pt","value":"Analógico de vários canais"},{"iso6391Locale":"ja","value":"マルチチャネルアナログ"},{"iso6391Locale":"ko","value":"다중 채널 아날로그"},{"iso6391Locale":"zh","value":"多通道模拟"}],"productName":"1756-IF8I","catalog":"1756-IF8I","description":[{"iso6391Locale":"en","value":"8 Channel Voltage/Current Analog Input,Isolated"},{"iso6391Locale":"fr","value":"Entrée analogique tension/courant, 8 canaux, isolée"},{"iso6391Locale":"de","value":"8-Kanal-Analogeingang, Spannung/Strom, isoliert"},{"iso6391Locale":"es","value":"Entrada analógica de corriente/voltaje de 8 canales, aislada"},{"iso6391Locale":"pt","value":"Entrada analógica de tensão/corrente de 8 canais, isolada"},{"iso6391Locale":"it","value":"Ingresso analogico con tensione/corrente a 8 canali, isolato"},{"iso6391Locale":"ja","value":"8 チャネル電圧/電流アナログ入力、絶縁"},{"iso6391Locale":"ko","value":"8 채널 전압/전류 아날로그 입력, 격리식"},{"iso6391Locale":"zh","value":"8 通道电压/电流模拟输入，隔离式"}],"majRevSeries":["A"],"cip":{"majRev":1,"vendCode":1,"prodType":10,"prodCode":454}},"categories":["Analog","Input"],"ports":[{"portID":"1","type":"ICP","downStreamOnly":false,"localOnly":false,"label":"Chassis","width":1,"connectorOffset":0,"noClass1OutRouting":false}],"image":{"ideIcon":{"name":"device-io-module"}},"ideSupport":{"ideStyle":"AOPCore","minIDEVersion":1,"PVCLSID":"{81E11FFF-A883-4C09-A274-FBCEEF42AE93}","PSCLSID":"{848B1A29-B8C1-4333-89EB-80C2EF30BDD9}"},"ioSupport":{"noRemoteChildren":false,"multicastOnly":false,"unicastOnly":false,"hmiButtonControl":false,"redundancy":{"canExistInRedundantChassis":false},"aggregation":{"neoObjectSupported":{"objectSupported":false},"neoAggregationTarget":{"target":false},"bankMaster":{"bankMaster":false},"childBankMasterValidation":{"childBankMasterValidation":false}}}}]}
{"_id":{"$oid":"65ea5583b0903e221c0ee5ce"},"identity":{"productID":[],"cip":{"vendCode":1,"prodType":10,"prodCode":455}},"revisions":[{"identity":{"productID":["cip.type:1.10.455.3"],"vendor":"Rockwell Automation/Allen-Bradley","productType":[{"iso6391Locale":"en","value":"Multi-channel Analog"},{"iso6391Locale":"fr","value":"Analogique multi-voies"},{"iso6391Locale":"de","value":"Mehrkanaliges Analog-Module"},{"iso6391Locale":"es","value":"Analógico multicanal"},{"iso6391Locale":"it","value":"Analogico a più canali"},{"iso6391Locale":"pt","value":"Analógico de vários canais"},{"iso6391Locale":"ja","value":"マルチチャネルアナログ"},{"iso6391Locale":"ko","value":"다중 채널 아날로그"},{"iso6391Locale":"zh","value":"多通道模拟"}],"productName":"1756-IRT8I","catalog":"1756-IRT8I","description":[{"iso6391Locale":"en","value":"8 Channel RTD/Thermocouple Analog Input,Isolated"},{"iso6391Locale":"fr","value":"Entrée analogique thermocouple/RTD, 8 canaux, isolée"},{"iso6391Locale":"de","value":"8-Kanal-Analogeingang, RTD/Thermoelement, isoliert"},{"iso6391Locale":"es","value":"Entrada analógica de RTD/termopar de 8 canales, aislada"},{"iso6391Locale":"pt","value":"Entrada analógica RTD/Termopar 8 canais, isolada"},{"iso6391Locale":"it","value":"Ingresso analogico RTD/termocoppia a 8 canali, isolato"},{"iso6391Locale":"ja","value":"8 チャネル RTD/熱電対アナログ入力、絶縁"},{"iso6391Locale":"ko","value":"8 채널 RTD/열전쌍 아날로그 입력, 격리식"},{"iso6391Locale":"zh","value":"8 通道 RTD/热电偶模拟输入，隔离式"}],"majRevSeries":["B"],"cip":{"vendCode":1,"prodType":10,"prodCode":455,"majRev":3}},"categories":["Analog","Input"],"ports":[{"portID":"1","type":"ICP","downStreamOnly":false,"localOnly":false,"label":"Chassis","width":1,"connectorOffset":0,"noClass1OutRouting":false}],"image":{"ideIcon":{"name":"device-io-module"}},"ideSupport":{"ideStyle":"AOPCore","minIDEVersion":1,"PVCLSID":"{81E11FFF-A883-4C09-A274-FBCEEF42AE93}","PSCLSID":"{848B1A29-B8C1-4333-89EB-80C2EF30BDD9}"},"ioSupport":{"noRemoteChildren":false,"multicastOnly":false,"unicastOnly":false,"hmiButtonControl":false,"redundancy":{"canExistInRedundantChassis":false},"aggregation":{"neoObjectSupported":{"objectSupported":false},"neoAggregationTarget":{"target":false},"bankMaster":{"bankMaster":false},"childBankMasterValidation":{"childBankMasterValidation":false}}}},{"identity":{"productID":["cip.type:1.10.455.2"],"vendor":"Rockwell Automation/Allen-Bradley","productType":[{"iso6391Locale":"en","value":"Multi-channel Analog"},{"iso6391Locale":"fr","value":"Analogique multi-voies"},{"iso6391Locale":"de","value":"Mehrkanaliges Analog-Module"},{"iso6391Locale":"es","value":"Analógico multicanal"},{"iso6391Locale":"it","value":"Analogico a più canali"},{"iso6391Locale":"pt","value":"Analógico de vários canais"},{"iso6391Locale":"ja","value":"マルチチャネルアナログ"},{"iso6391Locale":"ko","value":"다중 채널 아날로그"},{"iso6391Locale":"zh","value":"多通道模拟"}],"productName":"1756-IRT8I","catalog":"1756-IRT8I","description":[{"iso6391Locale":"en","value":"8 Channel RTD/Thermocouple Analog Input,Isolated"},{"iso6391Locale":"fr","value":"Entrée analogique thermocouple/RTD, 8 canaux, isolée"},{"iso6391Locale":"de","value":"8-Kanal-Analogeingang, RTD/Thermoelement, isoliert"},{"iso6391Locale":"es","value":"Entrada analógica de RTD/termopar de 8 canales, aislada"},{"iso6391Locale":"pt","value":"Entrada analógica RTD/Termopar 8 canais, isolada"},{"iso6391Locale":"it","value":"Ingresso analogico RTD/termocoppia a 8 canali, isolato"},{"iso6391Locale":"ja","value":"8 チャネル RTD/熱電対アナログ入力、絶縁"},{"iso6391Locale":"ko","value":"8 채널 RTD/열전쌍 아날로그 입력, 격리식"},{"iso6391Locale":"zh","value":"8 通道 RTD/热电偶模拟输入，隔离式"}],"majRevSeries":["A"],"cip":{"majRev":2,"vendCode":1,"prodType":10,"prodCode":455}},"categories":["Analog","Input"],"ports":[{"portID":"1","type":"ICP","downStreamOnly":false,"localOnly":false,"label":"Chassis","width":1,"connectorOffset":0,"noClass1OutRouting":false}],"image":{"ideIcon":{"name":"device-io-module"}},"ideSupport":{"ideStyle":"AOPCore","minIDEVersion":1,"PVCLSID":"{81E11FFF-A883-4C09-A274-FBCEEF42AE93}","PSCLSID":"{848B1A29-B8C1-4333-89EB-80C2EF30BDD9}"},"ioSupport":{"noRemoteChildren":false,"multicastOnly":false,"unicastOnly":false,"hmiButtonControl":false,"redundancy":{"canExistInRedundantChassis":false},"aggregation":{"neoObjectSupported":{"objectSupported":false},"neoAggregationTarget":{"target":false},"bankMaster":{"bankMaster":false},"childBankMasterValidation":{"childBankMasterValidation":false}}}},{"identity":{"productID":["cip.type:1.10.455.1"],"vendor":"Rockwell Automation/Allen-Bradley","productType":[{"iso6391Locale":"en","value":"Multi-channel Analog"},{"iso6391Locale":"fr","value":"Analogique multi-voies"},{"iso6391Locale":"de","value":"Mehrkanaliges Analog-Module"},{"iso6391Locale":"es","value":"Analógico multicanal"},{"iso6391Locale":"it","value":"Analogico a più canali"},{"iso6391Locale":"pt","value":"Analógico de vários canais"},{"iso6391Locale":"ja","value":"マルチチャネルアナログ"},{"iso6391Locale":"ko","value":"다중 채널 아날로그"},{"iso6391Locale":"zh","value":"多通道模拟"}],"productName":"1756-IRT8I","catalog":"1756-IRT8I","description":[{"iso6391Locale":"en","value":"8 Channel RTD/Thermocouple Analog Input,Isolated"},{"iso6391Locale":"fr","value":"Entrée analogique thermocouple/RTD, 8 canaux, isolée"},{"iso6391Locale":"de","value":"8-Kanal-Analogeingang, RTD/Thermoelement, isoliert"},{"iso6391Locale":"es","value":"Entrada analógica de RTD/termopar de 8 canales, aislada"},{"iso6391Locale":"pt","value":"Entrada analógica RTD/Termopar 8 canais, isolada"},{"iso6391Locale":"it","value":"Ingresso analogico RTD/termocoppia a 8 canali, isolato"},{"iso6391Locale":"ja","value":"8 チャネル RTD/熱電対アナログ入力、絶縁"},{"iso6391Locale":"ko","value":"8 채널 RTD/열전쌍 아날로그 입력, 격리식"},{"iso6391Locale":"zh","value":"8 通道 RTD/热电偶模拟输入，隔离式"}],"majRevSeries":["A"],"cip":{"majRev":1,"vendCode":1,"prodType":10,"prodCode":455}},"categories":["Analog","Input"],"ports":[{"portID":"1","type":"ICP","downStreamOnly":false,"localOnly":false,"label":"Chassis","width":1,"connectorOffset":0,"noClass1OutRouting":false}],"image":{"ideIcon":{"name":"device-io-module"}},"ideSupport":{"ideStyle":"AOPCore","minIDEVersion":1,"PVCLSID":"{81E11FFF-A883-4C09-A274-FBCEEF42AE93}","PSCLSID":"{848B1A29-B8C1-4333-89EB-80C2EF30BDD9}"},"ioSupport":{"noRemoteChildren":false,"multicastOnly":false,"unicastOnly":false,"hmiButtonControl":false,"redundancy":{"canExistInRedundantChassis":false},"aggregation":{"neoObjectSupported":{"objectSupported":false},"neoAggregationTarget":{"target":false},"bankMaster":{"bankMaster":false},"childBankMasterValidation":{"childBankMasterValidation":false}}}}]}
