{"_id":{"$oid":"65ea55810b9b5d6a85c650a6"},"identity":{"productID":[],"cip":{"vendCode":1,"prodType":115,"prodCode":25}},"revisions":[{"identity":{"productID":["cip.type:1.115.25.3"],"vendor":"Rockwell Automation/Allen-Bradley","productType":[{"iso6391Locale":"en","value":"RA Miscellaneous"},{"iso6391Locale":"fr","value":"Divers RA"},{"iso6391Locale":"de","value":"RA Verschiedenes"},{"iso6391Locale":"es","value":"Misceláneos RA"},{"iso6391Locale":"it","value":"Varie RA"},{"iso6391Locale":"pt","value":"Diversos de RA"},{"iso6391Locale":"ja","value":"RA 各種"},{"iso6391Locale":"ko","value":"RA 기타"},{"iso6391Locale":"zh","value":"RA 其他"}],"productName":"1734-OE2C","catalog":"1734-OE2C","description":[{"iso6391Locale":"en","value":"2 Channel Analog Current Output"},{"iso6391Locale":"fr","value":"Sortie analogique courant, 2 canaux"},{"iso6391Locale":"de","value":"Analoger 2-Kanal-Stromausgang"},{"iso6391Locale":"es","value":"Salida analógica de corriente de 2 canales"},{"iso6391Locale":"pt","value":"Saída de corrente analógica com 2 canais"},{"iso6391Locale":"it","value":"Uscita analogica di corrente a 2 canali"},{"iso6391Locale":"ja","value":"2 チャネル アナログ電流出力"},{"iso6391Locale":"ko","value":"2 채널 아날로그 전류 출력"},{"iso6391Locale":"zh","value":"2 通道模拟电流输出"}],"majRevSeries":["C"],"cip":{"vendCode":1,"prodType":115,"prodCode":25,"majRev":3}},"categories":["Analog","Output"],"ports":[{"portID":"1","type":"PointIO","downStreamOnly":false,"localOnly":false,"label":"Chassis","width":1,"connectorOffset":0,"noClass1OutRouting":false}],"image":{"ideIcon":{"name":"device-io-module"}},"ideSupport":{"ideStyle":"AOPCore","minIDEVersion":1,"PVCLSID":"{81E11FFF-A883-4C09-A274-FBCEEF42AE93}","PSCLSID":"{848B1A29-B8C1-4333-89EB-80C2EF30BDD9}"},"ioSupport":{"noRemoteChildren":false,"multicastOnly":false,"unicastOnly":false,"hmiButtonControl":false,"redundancy":{"canExistInRedundantChassis":false}}}]}
{"_id":{"$oid":"65ea55810b9b5d6a85c650a7"},"identity":{"productID":[],"cip":{"vendCode":1,"prodType":115,"prodCode":56}},"revisions":[{"identity":{"productID":["cip.type:1.115.56.3"],"vendor":"Rockwell Automation/Allen-Bradley","productType":[{"iso6391Locale":"en","value":"RA Miscellaneous"},{"iso6391Locale":"fr","value":"Divers RA"},{"iso6391Locale":"de","value":"RA Verschiedenes"},{"iso6391Locale":"es","value":"Misceláneos RA"},{"iso6391Locale":"it","value":"Varie RA"},{"iso6391Locale":"pt","value":"Diversos de RA"},{"iso6391Locale":"ja","value":"RA 各種"},{"iso6391Locale":"ko","value":"RA 기타"},{"iso6391Locale":"zh","value":"RA 其他"}],"productName":"1734-OE2V","catalog":"1734-OE2V","description":[{"iso6391Locale":"en","value":"2 Channel Analog Voltage Output"},{"iso6391Locale":"fr","value":"Sortie analogique tension, 2 canaux"},{"iso6391Locale":"de","value":"Analoger 2-Kanal-Spannungsausgang"},{"iso6391Locale":"es","value":"Salida analógica de voltaje de 2 canales"},{"iso6391Locale":"pt","value":"Saída de tensão analógica com 2 canais"},{"iso6391Locale":"it","value":"Uscita analogica di tensione a 2 canali"},{"iso6391Locale":"ja","value":"2 チャネル アナログ電圧出力"},{"iso6391Locale":"ko","value":"2 채널 아날로그 전압 출력"},{"iso6391Locale":"zh","value":"2 通道模拟电压输出"}],"majRevSeries":["C"],"cip":{"vendCode":1,"prodType":115,"prodCode":56,"majRev":3}},"categories":["Analog","Output"],"ports":[{"portID":"1","type":"PointIO","downStreamOnly":false,"localOnly":false,"label":"Chassis","width":1,"connectorOffset":0,"noClass1OutRouting":false}],"image":{"ideIcon":{"name":"device-io-module"}},"ideSupport":{"ideStyle":"AOPCore","minIDEVersion":1,"PVCLSID":"{81E11FFF-A883-4C09-A274-FBCEEF42AE93}","PSCLSID":"{848B1A29-B8C1-4333-89EB-80C2EF30BDD9}"},"ioSupport":{"noRemoteChildren":false,"multicastOnly":false,"unicastOnly":false,"hmiButtonControl":false,"redundancy":{"canExistInRedundantChassis":false}}}]}
{"_id":{"$oid":"65ea55810b9b5d6a85c650a8"},"identity":{"productID":[],"cip":{"vendCode":1,"prodType":115,"prodCode":219}},"revisions":[{"identity":{"productID":["cip.type:1.115.219.3"],"vendor":"Rockwell Automation/Allen-Bradley","productType":[{"iso6391Locale":"en","value":"RA Miscellaneous"},{"iso6391Locale":"fr","value":"Divers RA"},{"iso6391Locale":"de","value":"RA Verschiedenes"},{"iso6391Locale":"es","value":"Misceláneos RA"},{"iso6391Locale":"it","value":"Varie RA"},{"iso6391Locale":"pt","value":"Diversos de RA"},{"iso6391Locale":"ja","value":"RA 各種"},{"iso6391Locale":"ko","value":"RA 기타"},{"iso6391Locale":"zh","value":"RA 其他"}],"productName":"1734-IR2E","catalog":"1734-IR2E","description":[{"iso6391Locale":"en","value":"2 Channel Enhanced RTD Input"},{"iso6391Locale":"fr","value":"Entrée RTD améliorée, 2 canaux"},{"iso6391Locale":"de","value":"Erweiterter 2-Kanal-RTD-Eingang"},{"iso6391Locale":"es","value":"Entrada RTD mejorada de 2 canales"},{"iso6391Locale":"pt","value":"Entrada RTD avançada com 2 canais"},{"iso6391Locale":"it","value":"Ingresso RTD a 2 canali avanzato"},{"iso6391Locale":"ja","value":"2 チャネル拡張 RTD 入力"},{"iso6391Locale":"ko","value":"2 채널 확장 RTD 입력"},{"iso6391Locale":"zh","value":"2 通道增强型 RTD 输入"}],"majRevSeries":["C"],"cip":{"vendCode":1,"prodType":115,"prodCode":219,"majRev":3}},"categories":["Analog","Input"],"ports":[{"portID":"1","type":"PointIO","downStreamOnly":false,"localOnly":false,"label":"Chassis","width":1,"connectorOffset":0,"noClass1OutRouting":false}],"image":{"ideIcon":{"name":"device-io-module"}},"ideSupport":{"ideStyle":"AOPCore","minIDEVersion":1,"PVCLSID":"{81E11FFF-A883-4C09-A274-FBCEEF42AE93}","PSCLSID":"{848B1A29-B8C1-4333-89EB-80C2EF30BDD9}"},"ioSupport":{"noRemoteChildren":false,"multicastOnly":false,"unicastOnly":false,"hmiButtonControl":false,"redundancy":{"canExistInRedundantChassis":false}}}]}
{"_id":{"$oid":"65ea55810b9b5d6a85c650a9"},"identity":{"productID":[],"cip":{"vendCode":1,"prodType":7,"prodCode":218}},"revisions":[{"identity":{"productID":["cip.type:1.7.218.3"],"vendor":"Rockwell Automation/Allen-Bradley","productType":[],"productName":"1734-OB8E","catalog":"1734-OB8E","description":[{"iso6391Locale":"en","value":"8 Point 10V-28V DC Electronically Fused Output, Source"},{"iso6391Locale":"fr","value":"Sortie à fusible électronique 10-28 V CC, 8 points, source"},{"iso6391Locale":"de","value":"Elektronisch gesichertes 8-Punkt-Ausgang, 10-28 V DC, stromliefernd"},{"iso6391Locale":"es","value":"Salida de fusible electrónico de 10-28 V CC de 8 puntos, origen/surtidor"},{"iso6391Locale":"pt","value":"Saída com fusível eletrônico com 8 pontos de 10 V a 28 V CC, fonte"},{"iso6391Locale":"it","value":"Uscita con fusibile elettronico 10 V-28 V CC a 8 punti, Origine"},{"iso6391Locale":"ja","value":"8 ポイント 10 ～ 28V DC 電子ヒューズ付き出力、ソース"},{"iso6391Locale":"ko","value":"8 포인트 10V-28V DC 전자식 퓨즈 출력, 소스"},{"iso6391Locale":"zh","value":"8 点 10V-28V 直流电熔断输出，源型"}],"majRevSeries":["C"],"cip":{"vendCode":1,"prodType":7,"prodCode":218,"majRev":3}},"categories":["Digital","Output"],"ports":[{"portID":"1","type":"PointIO","downStreamOnly":false,"localOnly":false,"label":"Chassis","width":1,"connectorOffset":0,"noClass1OutRouting":false}],"image":{"ideIcon":{"name":"device-io-module"}},"ideSupport":{"ideStyle":"AOPCore","minIDEVersion":1,"PVCLSID":"{81E11FFF-A883-4C09-A274-FBCEEF42AE93}","PSCLSID":"{848B1A29-B8C1-4333-89EB-80C2EF30BDD9}"},"ioSupport":{"noRemoteChildren":false,"multicastOnly":false,"unicastOnly":false,"hmiButtonControl":false,"redundancy":{"canExistInRedundantChassis":false}}}]}
{"_id":{"$oid":"65ea55810b9b5d6a85c650aa"},"identity":{"productID":[],"cip":{"vendCode":1,"prodType":7,"prodCode":134}},"revisions":[{"identity":{"productID":["cip.type:1.7.134.3"],"vendor":"Rockwell Automation/Allen-Bradley","productType":[],"productName":"1734-OB4E","catalog":"1734-OB4E","description":[{"iso6391Locale":"en","value":"4 Point 10V-28V DC Electronically Fused Output, Source"},{"iso6391Locale":"fr","value":"Sortie à fusible électronique 10-28 V CC, 4 points, source"},{"iso6391Locale":"de","value":"Elektronisch gesichertes 4-Punkt-Ausgang, 10-28 V DC, stromliefernd"},{"iso6391Locale":"es","value":"Salida de fusible electrónico de 10-28 V CC de 4 puntos, origen/surtidor"},{"iso6391Locale":"pt","value":"Saída com fusível eletrônico com 4 pontos de 10 V a 28 V CC, fonte"},{"iso6391Locale":"it","value":"Uscita con fusibile elettronico 10 V-28 V CC a 4 punti, Origine"},{"iso6391Locale":"ja","value":"4 ポイント 10 ～ 28V DC 電子ヒューズ付き出力、ソース"},{"iso6391Locale":"ko","value":"4 포인트 10V-28V DC 전자식 퓨즈 출력, 소스"},{"iso6391Locale":"zh","value":"4 点 10V-28V 直流电熔断输出，源型"}],"majRevSeries":["C"],"cip":{"vendCode":1,"prodType":7,"prodCode":134,"majRev":3}},"categories":["Digital","Output"],"ports":[{"portID":"1","type":"PointIO","downStreamOnly":false,"localOnly":false,"label":"Chassis","width":1,"connectorOffset":0,"noClass1OutRouting":false}],"image":{"ideIcon":{"name":"device-io-module"}},"ideSupport":{"ideStyle":"AOPCore","minIDEVersion":1,"PVCLSID":"{81E11FFF-A883-4C09-A274-FBCEEF42AE93}","PSCLSID":"{848B1A29-B8C1-4333-89EB-80C2EF30BDD9}"},"ioSupport":{"noRemoteChildren":false,"multicastOnly":false,"unicastOnly":false,"hmiButtonControl":false,"redundancy":{"canExistInRedundantChassis":false}}}]}
{"_id":{"$oid":"65ea55810b9b5d6a85c650ab"},"identity":{"productID":[],"cip":{"vendCode":1,"prodType":7,"prodCode":163}},"revisions":[{"identity":{"productID":["cip.type:1.7.163.3"],"vendor":"Rockwell Automation/Allen-Bradley","productType":[],"productName":"1734-OB2EP","catalog":"1734-OB2EP","description":[{"iso6391Locale":"en","value":"2 Point 10V-28V DC Electronically Fused Protected Output, Source"},{"iso6391Locale":"fr","value":"Sortie à protection par fusible électr. 10-28 V CC, 2 points, source"},{"iso6391Locale":"de","value":"Elektronisch gesichertes und geschütztes 2-Punkt-Ausgang, 10-28 V DC, stromliefernd"},{"iso6391Locale":"es","value":"Salida protegida por fusible electrónico de 10-28 V CC de 2 puntos, origen/surtidor"},{"iso6391Locale":"pt","value":"Saída protegida com fusível eletrônico com 2 pontos de 10 V a 28 V CC, fonte"},{"iso6391Locale":"it","value":"Uscita protetta con fusibile elettronico 10 V-28 V CC a 2 punti, Origine"},{"iso6391Locale":"ja","value":"2 ポイント 10 ～ 28V DC 電子ヒューズ保護出力、ソース"},{"iso6391Locale":"ko","value":"2 포인트 10V-28V DC 전자식 퓨즈 보호 출력, 소스"},{"iso6391Locale":"zh","value":"2 点 10V-28V 直流电熔断保护输出，源型"}],"majRevSeries":["C"],"cip":{"vendCode":1,"prodType":7,"prodCode":163,"majRev":3}},"categories":["Digital","Output"],"ports":[{"portID":"1","type":"PointIO","downStreamOnly":false,"localOnly":false,"label":"Chassis","width":1,"connectorOffset":0,"noClass1OutRouting":false}],"image":{"ideIcon":{"name":"device-io-module"}},"ideSupport":{"ideStyle":"AOPCore","minIDEVersion":1,"PVCLSID":"{81E11FFF-A883-4C09-A274-FBCEEF42AE93}","PSCLSID":"{848B1A29-B8C1-4333-89EB-80C2EF30BDD9}"},"ioSupport":{"noRemoteChildren":false,"multicastOnly":false,"unicastOnly":false,"hmiButtonControl":false,"redundancy":{"canExistInRedundantChassis":false}}}]}
{"_id":{"$oid":"65ea55810b9b5d6a85c650ac"},"identity":{"productID":[],"cip":{"vendCode":1,"prodType":7,"prodCode":133}},"revisions":[{"identity":{"productID":["cip.type:1.7.133.3"],"vendor":"Rockwell Automation/Allen-Bradley","productType":[],"productName":"1734-OB2E","catalog":"1734-OB2E","description":[{"iso6391Locale":"en","value":"2 Point 10V-28V DC Electronically Fused Output, Source"},{"iso6391Locale":"fr","value":"Sortie à fusible électronique 10-28 V CC, 2 points, source"},{"iso6391Locale":"de","value":"Elektronisch gesichertes 2-Punkt-Ausgang, 10-28 V DC, stromliefernd"},{"iso6391Locale":"es","value":"Salida de fusible electrónico de 10-28 V CC de 2 puntos, origen/surtidor"},{"iso6391Locale":"pt","value":"Saída com fusível eletrônico com 2 pontos de 10 V a 28 V CC, fonte"},{"iso6391Locale":"it","value":"Uscita con fusibile elettronico 10 V-28 V CC a 2 punti, Origine"},{"iso6391Locale":"ja","value":"2 ポイント 10 ～ 28V DC 電子ヒューズ付き出力、ソース"},{"iso6391Locale":"ko","value":"2 포인트 10V-28V DC 전자식 퓨즈 출력, 소스"},{"iso6391Locale":"zh","value":"2 点 10V-28V 直流电熔断输出，源型"}],"majRevSeries":["C"],"cip":{"vendCode":1,"prodType":7,"prodCode":133,"majRev":3}},"categories":["Digital","Output"],"ports":[{"portID":"1","type":"PointIO","downStreamOnly":false,"localOnly":false,"label":"Chassis","width":1,"connectorOffset":0,"noClass1OutRouting":false}],"image":{"ideIcon":{"name":"device-io-module"}},"ideSupport":{"ideStyle":"AOPCore","minIDEVersion":1,"PVCLSID":"{81E11FFF-A883-4C09-A274-FBCEEF42AE93}","PSCLSID":"{848B1A29-B8C1-4333-89EB-80C2EF30BDD9}"},"ioSupport":{"noRemoteChildren":false,"multicastOnly":false,"unicastOnly":false,"hmiButtonControl":false,"redundancy":{"canExistInRedundantChassis":false}}}]}
{"_id":{"$oid":"65ea55810b9b5d6a85c650ad"},"identity":{"productID":[],"cip":{"vendCode":1,"prodType":7,"prodCode":258}},"revisions":[{"identity":{"productID":["cip.type:1.7.258.3"],"vendor":"Rockwell Automation/Allen-Bradley","productType":[],"productName":"1734-OV8E","catalog":"1734-OV8E","description":[{"iso6391Locale":"en","value":"8 Point 10V-28V DC Electronically Fused Output, Sink"},{"iso6391Locale":"fr","value":"Sortie à fusible électronique 10-28 V CC, 8 points, dissipateur"},{"iso6391Locale":"de","value":"Elektronisch gesichertes 8-Punkt-Ausgang, 10-28 V DC, stromziehend"},{"iso6391Locale":"es","value":"Salida de fusible electrónico de 10-28 V CC de 8 puntos, drenador/disipador"},{"iso6391Locale":"pt","value":"Saída com fusível eletrônico com 8 pontos de 10 V a 28 V CC, dreno"},{"iso6391Locale":"it","value":"Uscita con fusibile elettronico 10 V-28 V CC a 8 punti, sink"},{"iso6391Locale":"ja","value":"8 ポイント 10 ～ 28V DC 電子ヒューズ付き出力、シンク"},{"iso6391Locale":"ko","value":"8 포인트 10V-28V DC 전자식 퓨즈 출력, 싱크"},{"iso6391Locale":"zh","value":"8 点 10V-28V 直流电熔断输出，漏型"}],"majRevSeries":["C"],"cip":{"vendCode":1,"prodType":7,"prodCode":258,"majRev":3}},"categories":["Digital","Output"],"ports":[{"portID":"1","type":"PointIO","downStreamOnly":false,"localOnly":false,"label":"Chassis","width":1,"connectorOffset":0,"noClass1OutRouting":false}],"image":{"ideIcon":{"name":"device-io-module"}},"ideSupport":{"ideStyle":"AOPCore","minIDEVersion":1,"PVCLSID":"{81E11FFF-A883-4C09-A274-FBCEEF42AE93}","PSCLSID":"{848B1A29-B8C1-4333-89EB-80C2EF30BDD9}"},"ioSupport":{"noRemoteChildren":false,"multicastOnly":false,"unicastOnly":false,"hmiButtonControl":false,"redundancy":{"canExistInRedundantChassis":false}}}]}
{"_id":{"$oid":"65ea55810b9b5d6a85c650ae"},"identity":{"productID":[],"cip":{"vendCode":1,"prodType":7,"prodCode":161}},"revisions":[{"identity":{"productID":["cip.type:1.7.161.3"],"vendor":"Rockwell Automation/Allen-Bradley","productType":[],"productName":"1734-OV4E","catalog":"1734-OV4E","description":[{"iso6391Locale":"en","value":"4 Point 10V-28V DC Electronically Fused Output, Sink"},{"iso6391Locale":"fr","value":"Sortie à fusible électronique 10-28 V CC, 4 points, dissipateur"},{"iso6391Locale":"de","value":"Elektronisch gesichertes 4-Punkt-Ausgang, 10-28 V DC, stromziehend"},{"iso6391Locale":"es","value":"Salida de fusible electrónico de 10-28 V CC de 4 puntos, drenador/disipador"},{"iso6391Locale":"pt","value":"Saída com fusível eletrônico com 4 pontos de 10 V a 28 V CC, dreno"},{"iso6391Locale":"it","value":"Uscita con fusibile elettronico 10 V-28 V CC a 4 punti, sink"},{"iso6391Locale":"ja","value":"4 ポイント 10 ～ 28V DC 電子ヒューズ付き出力、シンク"},{"iso6391Locale":"ko","value":"4 포인트 10V-28V DC 전자식 퓨즈 출력, 싱크"},{"iso6391Locale":"zh","value":"4 点 10V-28V 直流电熔断输出，漏型"}],"majRevSeries":["C"],"cip":{"vendCode":1,"prodType":7,"prodCode":161,"majRev":3}},"categories":["Digital","Output"],"ports":[{"portID":"1","type":"PointIO","downStreamOnly":false,"localOnly":false,"label":"Chassis","width":1,"connectorOffset":0,"noClass1OutRouting":false}],"image":{"ideIcon":{"name":"device-io-module"}},"ideSupport":{"ideStyle":"AOPCore","minIDEVersion":1,"PVCLSID":"{81E11FFF-A883-4C09-A274-FBCEEF42AE93}","PSCLSID":"{848B1A29-B8C1-4333-89EB-80C2EF30BDD9}"},"ioSupport":{"noRemoteChildren":false,"multicastOnly":false,"unicastOnly":false,"hmiButtonControl":false,"redundancy":{"canExistInRedundantChassis":false}}}]}
{"_id":{"$oid":"65ea55810b9b5d6a85c650af"},"identity":{"productID":[],"cip":{"vendCode":1,"prodType":7,"prodCode":160}},"revisions":[{"identity":{"productID":["cip.type:1.7.160.3"],"vendor":"Rockwell Automation/Allen-Bradley","productType":[],"productName":"1734-OV2E","catalog":"1734-OV2E","description":[{"iso6391Locale":"en","value":"2 Point 10V-28V DC Electronically Fused Output, Sink"},{"iso6391Locale":"fr","value":"Sortie à fusible électronique 10-28 V CC, 2 points, dissipateur"},{"iso6391Locale":"de","value":"Elektronisch gesichertes 2-Punkt-Ausgang, 10-28 V DC, stromziehend"},{"iso6391Locale":"es","value":"Salida de fusible electrónico de 10-28 V CC de 2 puntos, drenador/disipador"},{"iso6391Locale":"pt","value":"Saída com fusível eletrônico com 2 pontos de 10 V a 28 V CC, dreno"},{"iso6391Locale":"it","value":"Uscita con fusibile elettronico 10 V-28 V CC a 2 punti, sink"},{"iso6391Locale":"ja","value":"2 ポイント 10 ～ 28V DC 電子ヒューズ付き出力、シンク"},{"iso6391Locale":"ko","value":"2 포인트 10V-28V DC 전자식 퓨즈 출력, 싱크"},{"iso6391Locale":"zh","value":"2 点 10V-28V 直流电熔断输出，漏型"}],"majRevSeries":["C"],"cip":{"vendCode":1,"prodType":7,"prodCode":160,"majRev":3}},"categories":["Digital","Output"],"ports":[{"portID":"1","type":"PointIO","downStreamOnly":false,"localOnly":false,"label":"Chassis","width":1,"connectorOffset":0,"noClass1OutRouting":false}],"image":{"ideIcon":{"name":"device-io-module"}},"ideSupport":{"ideStyle":"AOPCore","minIDEVersion":1,"PVCLSID":"{81E11FFF-A883-4C09-A274-FBCEEF42AE93}","PSCLSID":"{848B1A29-B8C1-4333-89EB-80C2EF30BDD9}"},"ioSupport":{"noRemoteChildren":false,"multicastOnly":false,"unicastOnly":false,"hmiButtonControl":false,"redundancy":{"canExistInRedundantChassis":false}}}]}
{"_id":{"$oid":"65ea55810b9b5d6a85c650b0"},"identity":{"productID":[],"cip":{"vendCode":1,"prodType":7,"prodCode":232}},"revisions":[{"identity":{"productID":["cip.type:1.7.232.3"],"vendor":"Rockwell Automation/Allen-Bradley","productType":[],"productName":"1734-OB8","catalog":"1734-OB8","description":[{"iso6391Locale":"en","value":"8 Point Relay Output N.O./N.C."},{"iso6391Locale":"fr","value":"Sortie à relais 8 points, N.O./N.F."},{"iso6391Locale":"de","value":"8-Punkt-Relaisausgang, N.O./N.G."},{"iso6391Locale":"es","value":"Salida de relé de 8 puntos NA/NC"},{"iso6391Locale":"pt","value":"Saída de relé de 8 pontos N.A./N.F."},{"iso6391Locale":"it","value":"Uscita relè a 8 punti N.A./N.C."},{"iso6391Locale":"ja","value":"8 ポイントリレー出力ノーマリー オープン/ノーマリー クローズド"},{"iso6391Locale":"ko","value":"8 포인트 릴레이 출력 상시 열림형/상시 닫힘형"},{"iso6391Locale":"zh","value":"8 点继电器输出常开/常闭"}],"majRevSeries":["C"],"cip":{"vendCode":1,"prodType":7,"prodCode":232,"majRev":3}},"categories":["Digital","Output"],"ports":[{"portID":"1","type":"PointIO","downStreamOnly":false,"localOnly":false,"label":"Chassis","width":1,"connectorOffset":0,"noClass1OutRouting":false}],"image":{"ideIcon":{"name":"device-io-module"}},"ideSupport":{"ideStyle":"AOPCore","minIDEVersion":1,"PVCLSID":"{81E11FFF-A883-4C09-A274-FBCEEF42AE93}","PSCLSID":"{848B1A29-B8C1-4333-89EB-80C2EF30BDD9}"},"ioSupport":{"noRemoteChildren":false,"multicastOnly":false,"unicastOnly":false,"hmiButtonControl":false,"redundancy":{"canExistInRedundantChassis":false}}}]}
{"_id":{"$oid":"65ea55810b9b5d6a85c650b1"},"identity":{"productID":[],"cip":{"vendCode":1,"prodType":7,"prodCode":219}},"revisions":[{"identity":{"productID":["cip.type:1.7.219.3"],"vendor":"Rockwell Automation/Allen-Bradley","productType":[],"productName":"1734-OW4","catalog":"1734-OW4","description":[{"iso6391Locale":"en","value":"4 Point AC/DC Relay Output"},{"iso6391Locale":"fr","value":"Sortie à relais CA/CC, 4 points"},{"iso6391Locale":"de","value":"4-Punkt-AC/DC-Relaisausgang"},{"iso6391Locale":"es","value":"Salida de relé de CA/CC de 4 puntos"},{"iso6391Locale":"pt","value":"Saída de relé CA/CC de 4 pontos"},{"iso6391Locale":"it","value":"Uscita relè a 4 punti CA/CC"},{"iso6391Locale":"ja","value":"4 ポイント AC/DC リレー出力"},{"iso6391Locale":"ko","value":"4 포인트 AC/DC 릴레이 출력"},{"iso6391Locale":"zh","value":"4 点交流/直流继电器输出"}],"majRevSeries":["C"],"cip":{"vendCode":1,"prodType":7,"prodCode":219,"majRev":3}},"categories":["Digital","Output"],"ports":[{"portID":"1","type":"PointIO","downStreamOnly":false,"localOnly":false,"label":"Chassis","width":1,"connectorOffset":0,"noClass1OutRouting":false}],"image":{"ideIcon":{"name":"device-io-module"}},"ideSupport":{"ideStyle":"AOPCore","minIDEVersion":1,"PVCLSID":"{81E11FFF-A883-4C09-A274-FBCEEF42AE93}","PSCLSID":"{848B1A29-B8C1-4333-89EB-80C2EF30BDD9}"},"ioSupport":{"noRemoteChildren":false,"multicastOnly":false,"unicastOnly":false,"hmiButtonControl":false,"redundancy":{"canExistInRedundantChassis":false}}}]}
{"_id":{"$oid":"65ea55810b9b5d6a85c650b2"},"identity":{"productID":[],"cip":{"vendCode":1,"prodType":7,"prodCode":231}},"revisions":[{"identity":{"productID":["cip.type:1.7.231.3"],"vendor":"Rockwell Automation/Allen-Bradley","productType":[],"productName":"1734-OB4","catalog":"1734-OB4","description":[{"iso6391Locale":"en","value":"4 Point Relay Output N.O./N.C."},{"iso6391Locale":"fr","value":"Sortie à relais 4 points, N.O./N.F."},{"iso6391Locale":"de","value":"4-Punkt-Relaisausgang, N.O./N.G."},{"iso6391Locale":"es","value":"Salida de relé de 4 puntos NA/NC"},{"iso6391Locale":"pt","value":"Saída de relé de 4 pontos N.A./N.F."},{"iso6391Locale":"it","value":"Uscita relè a 4 punti N.A./N.C."},{"iso6391Locale":"ja","value":"4 ポイントリレー出力ノーマリー オープン/ノーマリー クローズド"},{"iso6391Locale":"ko","value":"4 포인트 릴레이 출력 상시 열림형/상시 닫힘형"},{"iso6391Locale":"zh","value":"4 点继电器输出常开/常闭"}],"majRevSeries":["C"],"cip":{"vendCode":1,"prodType":7,"prodCode":231,"majRev":3}},"categories":["Digital","Output"],"ports":[{"portID":"1","type":"PointIO","downStreamOnly":false,"localOnly":false,"label":"Chassis","width":1,"connectorOffset":0,"noClass1OutRouting":false}],"image":{"ideIcon":{"name":"device-io-module"}},"ideSupport":{"ideStyle":"AOPCore","minIDEVersion":1,"PVCLSID":"{81E11FFF-A883-4C09-A274-FBCEEF42AE93}","PSCLSID":"{848B1A29-B8C1-4333-89EB-80C2EF30BDD9}"},"ioSupport":{"noRemoteChildren":false,"multicastOnly":false,"unicastOnly":false,"hmiButtonControl":false,"redundancy":{"canExistInRedundantChassis":false}}}]}
{"_id":{"$oid":"65ea55810b9b5d6a85c650b3"},"identity":{"productID":[],"cip":{"vendCode":1,"prodType":7,"prodCode":220}},"revisions":[{"identity":{"productID":["cip.type:1.7.220.3"],"vendor":"Rockwell Automation/Allen-Bradley","productType":[],"productName":"1734-OB2","catalog":"1734-OB2","description":[{"iso6391Locale":"en","value":"2 Point Relay Output N.O./N.C."},{"iso6391Locale":"fr","value":"Sortie à relais 2 points, N.O./N.F."},{"iso6391Locale":"de","value":"2-Punkt-Relaisausgang, N.O./N.G."},{"iso6391Locale":"es","value":"Salida de relé de 2 puntos NA/NC"},{"iso6391Locale":"pt","value":"Saída de relé de 2 pontos N.A./N.F."},{"iso6391Locale":"it","value":"Uscita relè a 2 punti N.A./N.C."},{"iso6391Locale":"ja","value":"2 ポイントリレー出力ノーマリー オープン/ノーマリー クローズド"},{"iso6391Locale":"ko","value":"2 포인트 릴레이 출력 상시 열림형/상시 닫힘형"},{"iso6391Locale":"zh","value":"2 点继电器输出常开/常闭"}],"majRevSeries":["C"],"cip":{"vendCode":1,"prodType":7,"prodCode":220,"majRev":3}},"categories":["Digital","Output"],"ports":[{"portID":"1","type":"PointIO","downStreamOnly":false,"localOnly":false,"label":"Chassis","width":1,"connectorOffset":0,"noClass1OutRouting":false}],"image":{"ideIcon":{"name":"device-io-module"}},"ideSupport":{"ideStyle":"AOPCore","minIDEVersion":1,"PVCLSID":"{81E11FFF-A883-4C09-A274-FBCEEF42AE93}","PSCLSID":"{848B1A29-B8C1-4333-89EB-80C2EF30BDD9}"},"ioSupport":{"noRemoteChildren":false,"multicastOnly":false,"unicastOnly":false,"hmiButtonControl":false,"redundancy":{"canExistInRedundantChassis":false}}}]}
{"_id":{"$oid":"65ea55810b9b5d6a85c650b4"},"identity":{"productID":[],"cip":{"vendCode":1,"prodType":7,"prodCode":162}},"revisions":[{"identity":{"productID":["cip.type:1.7.162.3"],"vendor":"Rockwell Automation/Allen-Bradley","productType":[],"productName":"1734-OX2","catalog":"1734-OX2","description":[{"iso6391Locale":"en","value":"2 Point Relay Output N.O./N.C."},{"iso6391Locale":"fr","value":"Sortie à relais 2 points, N.O./N.F."},{"iso6391Locale":"de","value":"2-Punkt-Relaisausgang, N.O./N.G."},{"iso6391Locale":"es","value":"Salida de relé de 2 puntos NA/NC"},{"iso6391Locale":"pt","value":"Saída de relé de 2 pontos N.A./N.F."},{"iso6391Locale":"it","value":"Uscita relè a 2 punti N.A./N.C."},{"iso6391Locale":"ja","value":"2 ポイントリレー出力ノーマリー オープン/ノーマリー クローズド"},{"iso6391Locale":"ko","value":"2 포인트 릴레이 출력 상시 열림형/상시 닫힘형"},{"iso6391Locale":"zh","value":"2 点继电器输出常开/常闭"}],"majRevSeries":["C"],"cip":{"vendCode":1,"prodType":7,"prodCode":162,"majRev":3}},"categories":["Digital","Output"],"ports":[{"portID":"1","type":"PointIO","downStreamOnly":false,"localOnly":false,"label":"Chassis","width":1,"connectorOffset":0,"noClass1OutRouting":false}],"image":{"ideIcon":{"name":"device-io-module"}},"ideSupport":{"ideStyle":"AOPCore","minIDEVersion":1,"PVCLSID":"{81E11FFF-A883-4C09-A274-FBCEEF42AE93}","PSCLSID":"{848B1A29-B8C1-4333-89EB-80C2EF30BDD9}"},"ioSupport":{"noRemoteChildren":false,"multicastOnly":false,"unicastOnly":false,"hmiButtonControl":false,"redundancy":{"canExistInRedundantChassis":false}}}]}
{"_id":{"$oid":"65ea55810b9b5d6a85c650b5"},"identity":{"productID":[],"cip":{"vendCode":1,"prodType":7,"prodCode":135}},"revisions":[{"identity":{"productID":["cip.type:1.7.135.3"],"vendor":"Rockwell Automation/Allen-Bradley","productType":[],"productName":"1734-OW2","catalog":"1734-OW2","description":[{"iso6391Locale":"en","value":"2 Point AC/DC Relay Output"},{"iso6391Locale":"fr","value":"Sortie à relais CA/CC, 2 points"},{"iso6391Locale":"de","value":"2-Punkt-AC/DC-Relaisausgang"},{"iso6391Locale":"es","value":"Salida de relé de CA/CC de 2 puntos"},{"iso6391Locale":"pt","value":"Saída de relé CA/CC de 2 pontos"},{"iso6391Locale":"it","value":"Uscita relè a 2 punti CA/CC"},{"iso6391Locale":"ja","value":"2 ポイント AC/DC リレー出力"},{"iso6391Locale":"ko","value":"2 포인트 AC/DC 릴레이 출력"},{"iso6391Locale":"zh","value":"2 点交流/直流继电器输出"}],"majRevSeries":["C"],"cip":{"vendCode":1,"prodType":7,"prodCode":135,"majRev":3}},"categories":["Digital","Output"],"ports":[{"portID":"1","type":"PointIO","downStreamOnly":false,"localOnly":false,"label":"Chassis","width":1,"connectorOffset":0,"noClass1OutRouting":false}],"image":{"ideIcon":{"name":"device-io-module"}},"ideSupport":{"ideStyle":"AOPCore","minIDEVersion":1,"PVCLSID":"{81E11FFF-A883-4C09-A274-FBCEEF42AE93}","PSCLSID":"{848B1A29-B8C1-4333-89EB-80C2EF30BDD9}"},"ioSupport":{"noRemoteChildren":false,"multicastOnly":false,"unicastOnly":false,"hmiButtonControl":false,"redundancy":{"canExistInRedundantChassis":false}}}]}
{"_id":{"$oid":"65ea55810b9b5d6a85c650b6"},"identity":{"productID":[],"cip":{"vendCode":1,"prodType":7,"prodCode":1113}},"revisions":[{"identity":{"productID":["cip.type:1.7.1113.3"],"vendor":"Rockwell Automation/Allen-Bradley","productType":[],"productName":"1734-OA2","catalog":"1734-OA2","description":[{"iso6391Locale":"en","value":"2 Point 120V AC Output"},{"iso6391Locale":"fr","value":"Sortie 120 V CA, 2 points"},{"iso6391Locale":"de","value":"2-Punkt-Ausgang, 120 V AC"},{"iso6391Locale":"es","value":"Salida de 120 V CA de 2 puntos"},{"iso6391Locale":"pt","value":"Saída de 120 V CA de 2 pontos"},{"iso6391Locale":"it","value":"Uscita 120 V CA a 2 punti"},{"iso6391Locale":"ja","value":"2 ポイント 120V AC 出力"},{"iso6391Locale":"ko","value":"2 포인트 120V AC 출력"},{"iso6391Locale":"zh","value":"2 点 120V 交流输出"}],"majRevSeries":["C"],"cip":{"vendCode":1,"prodType":7,"prodCode":1113,"majRev":3}},"categories":["Digital","Output"],"ports":[{"portID":"1","type":"PointIO","downStreamOnly":false,"localOnly":false,"label":"Chassis","width":1,"connectorOffset":0,"noClass1OutRouting":false}],"image":{"ideIcon":{"name":"device-io-module"}},"ideSupport":{"ideStyle":"AOPCore","minIDEVersion":1,"PVCLSID":"{81E11FFF-A883-4C09-A274-FBCEEF42AE93}","PSCLSID":"{848B1A29-B8C1-4333-89EB-80C2EF30BDD9}"},"ioSupport":{"noRemoteChildren":false,"multicastOnly":false,"unicastOnly":false,"hmiButtonControl":false,"redundancy":{"canExistInRedundantChassis":false}}}]}
{"_id":{"$oid":"65ea55810b9b5d6a85c650b7"},"identity":{"productID":[],"cip":{"vendCode":1,"prodType":7,"prodCode":217}},"revisions":[{"identity":{"productID":["cip.type:1.7.217.3"],"vendor":"Rockwell Automation/Allen-Bradley","productType":[],"productName":"1734-IV8","catalog":"1734-IV8","description":[{"iso6391Locale":"en","value":"8 Point 10V-28V DC Input, Source"},{"iso6391Locale":"fr","value":"Entrée 10-28 V CC, 8 points, source"},{"iso6391Locale":"de","value":"8-Punkt-Eingang, 10-28 V DC, stromliefernd"},{"iso6391Locale":"es","value":"Entrada de 10-28 V CC de 8 puntos, origen/surtidor"},{"iso6391Locale":"pt","value":"Entrada de 10 V a 28 V CC de 8 pontos, fonte"},{"iso6391Locale":"it","value":"Ingresso 10 V-28 V CC a 8 punti, Origine"},{"iso6391Locale":"ja","value":"8 ポイント 10 ～ 28V DC 入力、ソース"},{"iso6391Locale":"ko","value":"8 포인트 10V-28V DC 입력, 소스"},{"iso6391Locale":"zh","value":"8 点 10V-28V 直流输入，源型"}],"majRevSeries":["C"],"cip":{"vendCode":1,"prodType":7,"prodCode":217,"majRev":3}},"categories":["Digital","Input"],"ports":[{"portID":"1","type":"PointIO","downStreamOnly":false,"localOnly":false,"label":"Chassis","width":1,"connectorOffset":0,"noClass1OutRouting":false}],"image":{"ideIcon":{"name":"device-io-module"}},"ideSupport":{"ideStyle":"AOPCore","minIDEVersion":1,"PVCLSID":"{81E11FFF-A883-4C09-A274-FBCEEF42AE93}","PSCLSID":"{848B1A29-B8C1-4333-89EB-80C2EF30BDD9}"},"ioSupport":{"noRemoteChildren":false,"multicastOnly":false,"unicastOnly":false,"hmiButtonControl":false,"redundancy":{"canExistInRedundantChassis":false}}}]}
{"_id":{"$oid":"65ea55810b9b5d6a85c650b8"},"identity":{"productID":[],"cip":{"vendCode":1,"prodType":7,"prodCode":216}},"revisions":[{"identity":{"productID":["cip.type:1.7.216.3"],"vendor":"Rockwell Automation/Allen-Bradley","productType":[],"productName":"1734-IB8","catalog":"1734-IB8","description":[{"iso6391Locale":"en","value":"8 Point 10V-28V DC Input, Sink"},{"iso6391Locale":"fr","value":"Entrée 10-28 V CC, 8 points, dissipateur"},{"iso6391Locale":"de","value":"8-Punkt-Eingang, 10-28 V DC, stromziehend"},{"iso6391Locale":"es","value":"Entrada de 10-28 V CC de 8 puntos, drenador/disipador"},{"iso6391Locale":"pt","value":"Entrada de 10 V a 28 V CC de 8 pontos, dreno"},{"iso6391Locale":"it","value":"Ingresso 10 V-28 V CC a 8 punti, Sink"},{"iso6391Locale":"ja","value":"8 ポイント 10 ～ 28V DC 入力、シンク"},{"iso6391Locale":"ko","value":"8 포인트 10V-28V DC 입력, 싱크"},{"iso6391Locale":"zh","value":"8 点 10V-28V 直流输入，漏型"}],"majRevSeries":["C"],"cip":{"vendCode":1,"prodType":7,"prodCode":216,"majRev":3}},"categories":["Digital","Input"],"ports":[{"portID":"1","type":"PointIO","downStreamOnly":false,"localOnly":false,"label":"Chassis","width":1,"connectorOffset":0,"noClass1OutRouting":false}],"image":{"ideIcon":{"name":"device-io-module"}},"ideSupport":{"ideStyle":"AOPCore","minIDEVersion":1,"PVCLSID":"{81E11FFF-A883-4C09-A274-FBCEEF42AE93}","PSCLSID":"{848B1A29-B8C1-4333-89EB-80C2EF30BDD9}"},"ioSupport":{"noRemoteChildren":false,"multicastOnly":false,"unicastOnly":false,"hmiButtonControl":false,"redundancy":{"canExistInRedundantChassis":false}}}]}
{"_id":{"$oid":"65ea55810b9b5d6a85c650b9"},"identity":{"productID":[],"cip":{"vendCode":1,"prodType":7,"prodCode":132}},"revisions":[{"identity":{"productID":["cip.type:1.7.132.3"],"vendor":"Rockwell Automation/Allen-Bradley","productType":[],"productName":"1734-IV4","catalog":"1734-IV4","description":[{"iso6391Locale":"en","value":"4 Point 10V-28V DC Input, Source"},{"iso6391Locale":"fr","value":"Entrée 10-28 V CC, 4 points, source"},{"iso6391Locale":"de","value":"4-Punkt-Eingang, 10-28 V DC, stromliefernd"},{"iso6391Locale":"es","value":"Entrada de 10-28 V CC de 4 puntos, origen/surtidor"},{"iso6391Locale":"pt","value":"Entrada de 10 V a 28 V CC de 4 pontos, fonte"},{"iso6391Locale":"it","value":"Ingresso 10 V-28 V CC a 4 punti, Origine"},{"iso6391Locale":"ja","value":"4 ポイント 10 ～ 28V DC 入力、ソース"},{"iso6391Locale":"ko","value":"4 포인트 10V-28V DC 입력, 소스"},{"iso6391Locale":"zh","value":"4 点 10V-28V 直流输入，源型"}],"majRevSeries":["C"],"cip":{"vendCode":1,"prodType":7,"prodCode":132,"majRev":3}},"categories":["Digital","Input"],"ports":[{"portID":"1","type":"PointIO","downStreamOnly":false,"localOnly":false,"label":"Chassis","width":1,"connectorOffset":0,"noClass1OutRouting":false}],"image":{"ideIcon":{"name":"device-io-module"}},"ideSupport":{"ideStyle":"AOPCore","minIDEVersion":1,"PVCLSID":"{81E11FFF-A883-4C09-A274-FBCEEF42AE93}","PSCLSID":"{848B1A29-B8C1-4333-89EB-80C2EF30BDD9}"},"ioSupport":{"noRemoteChildren":false,"multicastOnly":false,"unicastOnly":false,"hmiButtonControl":false,"redundancy":{"canExistInRedundantChassis":false}}}]}
{"_id":{"$oid":"65ea55810b9b5d6a85c650ba"},"identity":{"productID":[],"cip":{"vendCode":1,"prodType":7,"prodCode":130}},"revisions":[{"identity":{"productID":["cip.type:1.7.130.3"],"vendor":"Rockwell Automation/Allen-Bradley","productType":[],"productName":"1734-IB4","catalog":"1734-IB4","description":[{"iso6391Locale":"en","value":"4 Point 10V-28V DC Input, Sink"},{"iso6391Locale":"fr","value":"Entrée 10-28 V CC, 4 points, dissipateur"},{"iso6391Locale":"de","value":"4-Punkt-Eingang, 10-28 V DC, stromziehend"},{"iso6391Locale":"es","value":"Entrada de 10-28 V CC de 4 puntos, drenador/disipador"},{"iso6391Locale":"pt","value":"Entrada de 10 V a 28 V CC de 4 pontos, dreno"},{"iso6391Locale":"it","value":"Ingresso 10 V-28 V CC a 4 punti, Sink"},{"iso6391Locale":"ja","value":"4 ポイント 10 ～ 28V DC 入力、シンク"},{"iso6391Locale":"ko","value":"4 포인트 10V-28V DC 입력, 싱크"},{"iso6391Locale":"zh","value":"4 点 10V-28V 直流输入，漏型"}],"majRevSeries":["C"],"cip":{"vendCode":1,"prodType":7,"prodCode":130,"majRev":3}},"categories":["Digital","Input"],"ports":[{"portID":"1","type":"PointIO","downStreamOnly":false,"localOnly":false,"label":"Chassis","width":1,"connectorOffset":0,"noClass1OutRouting":false}],"image":{"ideIcon":{"name":"device-io-module"}},"ideSupport":{"ideStyle":"AOPCore","minIDEVersion":1,"PVCLSID":"{81E11FFF-A883-4C09-A274-FBCEEF42AE93}","PSCLSID":"{848B1A29-B8C1-4333-89EB-80C2EF30BDD9}"},"ioSupport":{"noRemoteChildren":false,"multicastOnly":false,"unicastOnly":false,"hmiButtonControl":false,"redundancy":{"canExistInRedundantChassis":false}}}]}
{"_id":{"$oid":"65ea55810b9b5d6a85c650bb"},"identity":{"productID":[],"cip":{"vendCode":1,"prodType":7,"prodCode":131}},"revisions":[{"identity":{"productID":["cip.type:1.7.131.3"],"vendor":"Rockwell Automation/Allen-Bradley","productType":[],"productName":"1734-IV2","catalog":"1734-IV2","description":[{"iso6391Locale":"en","value":"2 Point 10V-28V DC Input, Source"},{"iso6391Locale":"fr","value":"Entrée 10-28 V CC, 2 points, source"},{"iso6391Locale":"de","value":"2-Punkt-Eingang, 10-28 V DC, stromliefernd"},{"iso6391Locale":"es","value":"Entrada de 10-28 V CC de 2 puntos, origen/surtidor"},{"iso6391Locale":"pt","value":"Entrada de 10 V a 28 V CC de 2 pontos, fonte"},{"iso6391Locale":"it","value":"Ingresso 10 V-28 V CC a 2 punti, Origine"},{"iso6391Locale":"ja","value":"2 ポイント 10 ～ 28V DC 入力、ソース"},{"iso6391Locale":"ko","value":"2 포인트 10V-28V DC 입력, 소스"},{"iso6391Locale":"zh","value":"2 点 10V-28V 直流输入，源型"}],"majRevSeries":["C"],"cip":{"vendCode":1,"prodType":7,"prodCode":131,"majRev":3}},"categories":["Digital","Input"],"ports":[{"portID":"1","type":"PointIO","downStreamOnly":false,"localOnly":false,"label":"Chassis","width":1,"connectorOffset":0,"noClass1OutRouting":false}],"image":{"ideIcon":{"name":"device-io-module"}},"ideSupport":{"ideStyle":"AOPCore","minIDEVersion":1,"PVCLSID":"{81E11FFF-A883-4C09-A274-FBCEEF42AE93}","PSCLSID":"{848B1A29-B8C1-4333-89EB-80C2EF30BDD9}"},"ioSupport":{"noRemoteChildren":false,"multicastOnly":false,"unicastOnly":false,"hmiButtonControl":false,"redundancy":{"canExistInRedundantChassis":false}}}]}
{"_id":{"$oid":"65ea55810b9b5d6a85c650bc"},"identity":{"productID":[],"cip":{"vendCode":1,"prodType":7,"prodCode":1112}},"revisions":[{"identity":{"productID":["cip.type:1.7.1112.3"],"vendor":"Rockwell Automation/Allen-Bradley","productType":[],"productName":"1734-IM2","catalog":"1734-IM2","description":[{"iso6391Locale":"en","value":"2 Point 240V AC Input"},{"iso6391Locale":"fr","value":"Entrée 240 V CA, 2 points"},{"iso6391Locale":"de","value":"2-Punkt-Eingang, 240V AC"},{"iso6391Locale":"es","value":"Entrada de 240 V CA, de 2 puntos"},{"iso6391Locale":"pt","value":"Entrada de 240V CA de 2 pontos"},{"iso6391Locale":"it","value":"Ingresso 240 V CA a 2 punti"},{"iso6391Locale":"ja","value":"2 ポイント 240V AC 入力"},{"iso6391Locale":"ko","value":"2 포인트 240V AC 입력"},{"iso6391Locale":"zh","value":"2 点 240V 交流输入"}],"majRevSeries":["C"],"cip":{"vendCode":1,"prodType":7,"prodCode":1112,"majRev":3}},"categories":["Digital","Input"],"ports":[{"portID":"1","type":"PointIO","downStreamOnly":false,"localOnly":false,"label":"Chassis","width":1,"connectorOffset":0,"noClass1OutRouting":false}],"image":{"ideIcon":{"name":"device-io-module"}},"ideSupport":{"ideStyle":"AOPCore","minIDEVersion":1,"PVCLSID":"{81E11FFF-A883-4C09-A274-FBCEEF42AE93}","PSCLSID":"{848B1A29-B8C1-4333-89EB-80C2EF30BDD9}"},"ioSupport":{"noRemoteChildren":false,"multicastOnly":false,"unicastOnly":false,"hmiButtonControl":false,"redundancy":{"canExistInRedundantChassis":false}}}]}
{"_id":{"$oid":"65ea55810b9b5d6a85c650bd"},"identity":{"productID":[],"cip":{"vendCode":1,"prodType":7,"prodCode":129}},"revisions":[{"identity":{"productID":["cip.type:1.7.129.3"],"vendor":"Rockwell Automation/Allen-Bradley","productType":[],"productName":"1734-IB2","catalog":"1734-IB2","description":[{"iso6391Locale":"en","value":"2 Point 10V-28V DC Input, Sink"},{"iso6391Locale":"fr","value":"Entrée 10-28 V CC, 2 points, dissipateur"},{"iso6391Locale":"de","value":"2-Punkt-Eingang, 10-28 V DC, stromziehend"},{"iso6391Locale":"es","value":"Entrada de 10-28 V CC de 2 puntos, drenador/disipador"},{"iso6391Locale":"pt","value":"Entrada de 10 V a 28 V CC de 2 pontos, dreno"},{"iso6391Locale":"it","value":"Ingresso 10 V-28 V CC a 2 punti, Sink"},{"iso6391Locale":"ja","value":"2 ポイント 10 ～ 28V DC 入力、シンク"},{"iso6391Locale":"ko","value":"2 포인트 10V-28V DC 입력, 싱크"},{"iso6391Locale":"zh","value":"2 点 10V-28V 直流输入，漏型"}],"majRevSeries":["C"],"cip":{"vendCode":1,"prodType":7,"prodCode":129,"majRev":3}},"categories":["Digital","Input"],"ports":[{"portID":"1","type":"PointIO","downStreamOnly":false,"localOnly":false,"label":"Chassis","width":1,"connectorOffset":0,"noClass1OutRouting":false}],"image":{"ideIcon":{"name":"device-io-module"}},"ideSupport":{"ideStyle":"AOPCore","minIDEVersion":1,"PVCLSID":"{81E11FFF-A883-4C09-A274-FBCEEF42AE93}","PSCLSID":"{848B1A29-B8C1-4333-89EB-80C2EF30BDD9}"},"ioSupport":{"noRemoteChildren":false,"multicastOnly":false,"unicastOnly":false,"hmiButtonControl":false,"redundancy":{"canExistInRedundantChassis":false}}}]}
{"_id":{"$oid":"65ea55810b9b5d6a85c650be"},"identity":{"productID":[],"cip":{"vendCode":1,"prodType":7,"prodCode":1111}},"revisions":[{"identity":{"productID":["cip.type:1.7.1111.3"],"vendor":"Rockwell Automation/Allen-Bradley","productType":[],"productName":"1734-IA2","catalog":"1734-IA2","description":[{"iso6391Locale":"en","value":"2 Point 120V AC Input"},{"iso6391Locale":"fr","value":"Entrée 120 V CA, 2 points"},{"iso6391Locale":"de","value":"2-Punkt-Eingang, 120 V AC"},{"iso6391Locale":"es","value":"Entrada de 120 V CA de 2 puntos"},{"iso6391Locale":"pt","value":"Entrada de 120 V CA de 2 pontos"},{"iso6391Locale":"it","value":"Ingresso 120 V CA a 2 punti"},{"iso6391Locale":"ja","value":"2 ポイント 120V AC 入力"},{"iso6391Locale":"ko","value":"2 포인트 120V AC 입력"},{"iso6391Locale":"zh","value":"2 点 120V 交流输入"}],"majRevSeries":["C"],"cip":{"vendCode":1,"prodType":7,"prodCode":1111,"majRev":3}},"categories":["Digital","Input"],"ports":[{"portID":"1","type":"PointIO","downStreamOnly":false,"localOnly":false,"label":"Chassis","width":1,"connectorOffset":0,"noClass1OutRouting":false}],"image":{"ideIcon":{"name":"device-io-module"}},"ideSupport":{"ideStyle":"AOPCore","minIDEVersion":1,"PVCLSID":"{81E11FFF-A883-4C09-A274-FBCEEF42AE93}","PSCLSID":"{848B1A29-B8C1-4333-89EB-80C2EF30BDD9}"},"ioSupport":{"noRemoteChildren":false,"multicastOnly":false,"unicastOnly":false,"hmiButtonControl":false,"redundancy":{"canExistInRedundantChassis":false}}}]}
{"_id":{"$oid":"65ea55810b9b5d6a85c650bf"},"identity":{"productID":[],"cip":{"vendCode":1,"prodType":7,"prodCode":288}},"revisions":[{"identity":{"productID":["cip.type:1.7.288.3"],"vendor":"Rockwell Automation/Allen-Bradley","productType":[],"productName":"1734-IA4","catalog":"1734-IA4","description":[{"iso6391Locale":"en","value":"4 Point 120V AC Input"},{"iso6391Locale":"fr","value":"Entrée 120 V CA, 4 points"},{"iso6391Locale":"de","value":"4-Punkt-Eingang, 120 V AC"},{"iso6391Locale":"es","value":"Entrada de 120V CA, de 4 puntos"},{"iso6391Locale":"pt","value":"Entrada de 120 V CA de 4 pontos"},{"iso6391Locale":"it","value":"Ingresso 120 V CA a 4 punti"},{"iso6391Locale":"ja","value":"4 ポイント 120V AC 入力"},{"iso6391Locale":"ko","value":"4 포인트 120V AC 입력"},{"iso6391Locale":"zh","value":"4 点 120V 交流输入"}],"majRevSeries":["C"],"cip":{"vendCode":1,"prodType":7,"prodCode":288,"majRev":3}},"categories":["Digital","Input"],"ports":[{"portID":"1","type":"PointIO","downStreamOnly":false,"localOnly":false,"label":"Chassis","width":1,"connectorOffset":0,"noClass1OutRouting":false}],"image":{"ideIcon":{"name":"device-io-module"}},"ideSupport":{"ideStyle":"AOPCore","minIDEVersion":1,"PVCLSID":"{81E11FFF-A883-4C09-A274-FBCEEF42AE93}","PSCLSID":"{848B1A29-B8C1-4333-89EB-80C2EF30BDD9}"},"ioSupport":{"noRemoteChildren":false,"multicastOnly":false,"unicastOnly":false,"hmiButtonControl":false,"redundancy":{"canExistInRedundantChassis":false}}}]}
{"_id":{"$oid":"65ea55810b9b5d6a85c650c0"},"identity":{"productID":[],"cip":{"vendCode":1,"prodType":7,"prodCode":289}},"revisions":[{"identity":{"productID":["cip.type:1.7.289.3"],"vendor":"Rockwell Automation/Allen-Bradley","productType":[],"productName":"1734-IM4","catalog":"1734-IM4","description":[{"iso6391Locale":"en","value":"4 Point 240V AC Input"},{"iso6391Locale":"fr","value":"Entrée 240 V CA, 4 points"},{"iso6391Locale":"de","value":"4-Punkt-Eingang, 240V AC"},{"iso6391Locale":"es","value":"Entrada de 240 V CA, de 4 puntos"},{"iso6391Locale":"pt","value":"Entrada de 240V CA de 4 pontos"},{"iso6391Locale":"it","value":"Ingresso 240 V CA a 4 punti"},{"iso6391Locale":"ja","value":"4 ポイント 240V AC 入力"},{"iso6391Locale":"ko","value":"4 포인트 240V AC 입력"},{"iso6391Locale":"zh","value":"4 点 240V 交流输入"}],"majRevSeries":["C"],"cip":{"vendCode":1,"prodType":7,"prodCode":289,"majRev":3}},"categories":["Digital","Input"],"ports":[{"portID":"1","type":"PointIO","downStreamOnly":false,"localOnly":false,"label":"Chassis","width":1,"connectorOffset":0,"noClass1OutRouting":false}],"image":{"ideIcon":{"name":"device-io-module"}},"ideSupport":{"ideStyle":"AOPCore","minIDEVersion":1,"PVCLSID":"{81E11FFF-A883-4C09-A274-FBCEEF42AE93}","PSCLSID":"{848B1A29-B8C1-4333-89EB-80C2EF30BDD9}"},"ioSupport":{"noRemoteChildren":false,"multicastOnly":false,"unicastOnly":false,"hmiButtonControl":false,"redundancy":{"canExistInRedundantChassis":false}}}]}
{"_id":{"$oid":"65ea55810b9b5d6a85c650c1"},"identity":{"productID":[],"cip":{"vendCode":1,"prodType":7,"prodCode":290}},"revisions":[{"identity":{"productID":["cip.type:1.7.290.3"],"vendor":"Rockwell Automation/Allen-Bradley","productType":[],"productName":"1734-OA4","catalog":"1734-OA4","description":[{"iso6391Locale":"en","value":"4 Point 120V AC Output"},{"iso6391Locale":"fr","value":"Sortie 120 V CA, 4 points"},{"iso6391Locale":"de","value":"4-Punkt-Ausgang, 120 V AC"},{"iso6391Locale":"es","value":"Salida de 120 V CA de 4 puntos"},{"iso6391Locale":"pt","value":"Saída de 120 V CA de 4 pontos"},{"iso6391Locale":"it","value":"Uscita 120 V CA a 4 punti"},{"iso6391Locale":"ja","value":"4 ポイント 120V AC 出力"},{"iso6391Locale":"ko","value":"4 포인트 120V AC 출력"},{"iso6391Locale":"zh","value":"4 点 120V 交流输出"}],"majRevSeries":["C"],"cip":{"vendCode":1,"prodType":7,"prodCode":290,"majRev":3}},"categories":["Digital","Output"],"ports":[{"portID":"1","type":"PointIO","downStreamOnly":false,"localOnly":false,"label":"Chassis","width":1,"connectorOffset":0,"noClass1OutRouting":false}],"image":{"ideIcon":{"name":"device-io-module"}},"ideSupport":{"ideStyle":"AOPCore","minIDEVersion":1,"PVCLSID":"{81E11FFF-A883-4C09-A274-FBCEEF42AE93}","PSCLSID":"{848B1A29-B8C1-4333-89EB-80C2EF30BDD9}"},"ioSupport":{"noRemoteChildren":false,"multicastOnly":false,"unicastOnly":false,"hmiButtonControl":false,"redundancy":{"canExistInRedundantChassis":false}}}]}
{"_id":{"$oid":"65ea55810b9b5d6a85c650c2"},"identity":{"productID":[],"cip":{"vendCode":1,"prodType":12,"prodCode":132}},"revisions":[{"identity":{"productID":["cip.type:1.12.132.6"],"vendor":"Rockwell Automation/Allen-Bradley","productType":[],"productName":"1738-AENT","catalog":"1738-AENT","description":[{"iso6391Locale":"en","value":"1738 Ethernet Adapter, Twisted-Pair Media"},{"iso6391Locale":"fr","value":"Adaptateur Ethernet 1738, support paire torsadée"},{"iso6391Locale":"de","value":"1738 Ethernet Adapter, Twisted-Pair-Medien"},{"iso6391Locale":"es","value":"Adaptador Ethernet 1738, medio de par trenzado"},{"iso6391Locale":"pt","value":"Adaptador 1738 Ethernet, mídia de par trançado"},{"iso6391Locale":"it","value":"Adattatore Ethernet 1738, supporto a doppino ritorto"},{"iso6391Locale":"ja","value":"1738 イーサネット アダプタ、ツイストペア メディア"},{"iso6391Locale":"ko","value":"1738 이더넷 어댑터, 트위스티드 페어 미디어"},{"iso6391Locale":"zh","value":"1738 以太网适配器，双绞线介质"}],"majRevSeries":["B"],"cip":{"vendCode":1,"prodType":12,"prodCode":132,"majRev":6}},"categories":["Communication"],"ports":[{"portID":"1","type":"ArmorPoint","downStreamOnly":true,"localOnly":false,"label":"Chassis","width":1,"connectorOffset":0,"noClass1OutRouting":false},{"portID":"2","type":"Ethernet","downStreamOnly":false,"localOnly":false,"label":"ENet","width":1,"connectorOffset":0,"noClass1OutRouting":false}],"image":{"ideIcon":{"name":"device-ethernet-bridge-adapter-module"}},"ideSupport":{"ideStyle":"AOPCore","minIDEVersion":1,"PVCLSID":"{81E11FFF-A883-4C09-A274-FBCEEF42AE93}","PSCLSID":"{848B1A29-B8C1-4333-89EB-80C2EF30BDD9}"},"ioSupport":{"noRemoteChildren":false,"restrictsUnicastBeforeRevision":3,"multicastOnly":false,"unicastOnly":false,"routesUnicast":3,"hmiButtonControl":false,"redundancy":{"canExistInRedundantChassis":false}}},{"identity":{"productID":["cip.type:1.12.132.5"],"vendor":"Rockwell Automation/Allen-Bradley","productType":[],"productName":"1738-AENT","catalog":"1738-AENT","description":[{"iso6391Locale":"en","value":"1738 Ethernet Adapter, Twisted-Pair Media"},{"iso6391Locale":"fr","value":"Adaptateur Ethernet 1738, support paire torsadée"},{"iso6391Locale":"de","value":"1738 Ethernet Adapter, Twisted-Pair-Medien"},{"iso6391Locale":"es","value":"Adaptador Ethernet 1738, medio de par trenzado"},{"iso6391Locale":"pt","value":"Adaptador 1738 Ethernet, mídia de par trançado"},{"iso6391Locale":"it","value":"Adattatore Ethernet 1738, supporto a doppino ritorto"},{"iso6391Locale":"ja","value":"1738 イーサネット アダプタ、ツイストペア メディア"},{"iso6391Locale":"ko","value":"1738 이더넷 어댑터, 트위스티드 페어 미디어"},{"iso6391Locale":"zh","value":"1738 以太网适配器，双绞线介质"}],"majRevSeries":["B"],"cip":{"majRev":5,"vendCode":1,"prodType":12,"prodCode":132}},"categories":["Communication"],"ports":[{"portID":"1","type":"ArmorPoint","downStreamOnly":true,"localOnly":false,"label":"Chassis","width":1,"connectorOffset":0,"noClass1OutRouting":false},{"portID":"2","type":"Ethernet","downStreamOnly":false,"localOnly":false,"label":"ENet","width":1,"connectorOffset":0,"noClass1OutRouting":false}],"image":{"ideIcon":{"name":"device-ethernet-bridge-adapter-module"}},"ideSupport":{"ideStyle":"AOPCore","minIDEVersion":1,"PVCLSID":"{81E11FFF-A883-4C09-A274-FBCEEF42AE93}","PSCLSID":"{848B1A29-B8C1-4333-89EB-80C2EF30BDD9}"},"ioSupport":{"noRemoteChildren":false,"restrictsUnicastBeforeRevision":3,"multicastOnly":false,"unicastOnly":false,"routesUnicast":3,"hmiButtonControl":false,"redundancy":{"canExistInRedundantChassis":false}}},{"identity":{"productID":["cip.type:1.12.132.4"],"vendor":"Rockwell Automation/Allen-Bradley","productType":[],"productName":"1738-AENT","catalog":"1738-AENT","description":[{"iso6391Locale":"en","value":"1738 Ethernet Adapter, Twisted-Pair Media"},{"iso6391Locale":"fr","value":"Adaptateur Ethernet 1738, support paire torsadée"},{"iso6391Locale":"de","value":"1738 Ethernet Adapter, Twisted-Pair-Medien"},{"iso6391Locale":"es","value":"Adaptador Ethernet 1738, medio de par trenzado"},{"iso6391Locale":"pt","value":"Adaptador 1738 Ethernet, mídia de par trançado"},{"iso6391Locale":"it","value":"Adattatore Ethernet 1738, supporto a doppino ritorto"},{"iso6391Locale":"ja","value":"1738 イーサネット アダプタ、ツイストペア メディア"},{"iso6391Locale":"ko","value":"1738 이더넷 어댑터, 트위스티드 페어 미디어"},{"iso6391Locale":"zh","value":"1738 以太网适配器，双绞线介质"}],"majRevSeries":["B"],"cip":{"majRev":4,"vendCode":1,"prodType":12,"prodCode":132}},"categories":["Communication"],"ports":[{"portID":"1","type":"ArmorPoint","downStreamOnly":true,"localOnly":false,"label":"Chassis","width":1,"connectorOffset":0,"noClass1OutRouting":false},{"portID":"2","type":"Ethernet","downStreamOnly":false,"localOnly":false,"label":"ENet","width":1,"connectorOffset":0,"noClass1OutRouting":false}],"image":{"ideIcon":{"name":"device-ethernet-bridge-adapter-module"}},"ideSupport":{"ideStyle":"AOPCore","minIDEVersion":1,"PVCLSID":"{81E11FFF-A883-4C09-A274-FBCEEF42AE93}","PSCLSID":"{848B1A29-B8C1-4333-89EB-80C2EF30BDD9}"},"ioSupport":{"noRemoteChildren":false,"restrictsUnicastBeforeRevision":3,"multicastOnly":false,"unicastOnly":false,"routesUnicast":3,"hmiButtonControl":false,"redundancy":{"canExistInRedundantChassis":false}}},{"identity":{"productID":["cip.type:1.12.132.3"],"vendor":"Rockwell Automation/Allen-Bradley","productType":[],"productName":"1738-AENT","catalog":"1738-AENT","description":[{"iso6391Locale":"en","value":"1738 Ethernet Adapter, Twisted-Pair Media"},{"iso6391Locale":"fr","value":"Adaptateur Ethernet 1738, support paire torsadée"},{"iso6391Locale":"de","value":"1738 Ethernet Adapter, Twisted-Pair-Medien"},{"iso6391Locale":"es","value":"Adaptador Ethernet 1738, medio de par trenzado"},{"iso6391Locale":"pt","value":"Adaptador 1738 Ethernet, mídia de par trançado"},{"iso6391Locale":"it","value":"Adattatore Ethernet 1738, supporto a doppino ritorto"},{"iso6391Locale":"ja","value":"1738 イーサネット アダプタ、ツイストペア メディア"},{"iso6391Locale":"ko","value":"1738 이더넷 어댑터, 트위스티드 페어 미디어"},{"iso6391Locale":"zh","value":"1738 以太网适配器，双绞线介质"}],"majRevSeries":["A"],"cip":{"majRev":3,"vendCode":1,"prodType":12,"prodCode":132}},"categories":["Communication"],"ports":[{"portID":"1","type":"ArmorPoint","downStreamOnly":true,"localOnly":false,"label":"Chassis","width":1,"connectorOffset":0,"noClass1OutRouting":false},{"portID":"2","type":"Ethernet","downStreamOnly":false,"localOnly":false,"label":"ENet","width":1,"connectorOffset":0,"noClass1OutRouting":false}],"image":{"ideIcon":{"name":"device-ethernet-bridge-adapter-module"}},"ideSupport":{"ideStyle":"AOPCore","minIDEVersion":1,"PVCLSID":"{81E11FFF-A883-4C09-A274-FBCEEF42AE93}","PSCLSID":"{848B1A29-B8C1-4333-89EB-80C2EF30BDD9}"},"ioSupport":{"noRemoteChildren":false,"restrictsUnicastBeforeRevision":3,"multicastOnly":false,"unicastOnly":false,"routesUnicast":3,"hmiButtonControl":false,"redundancy":{"canExistInRedundantChassis":false}}},{"identity":{"productID":["cip.type:1.12.132.2"],"vendor":"Rockwell Automation/Allen-Bradley","productType":[],"productName":"1738-AENT","catalog":"1738-AENT","description":[{"iso6391Locale":"en","value":"1738 Ethernet Adapter, Twisted-Pair Media"},{"iso6391Locale":"fr","value":"Adaptateur Ethernet 1738, support paire torsadée"},{"iso6391Locale":"de","value":"1738 Ethernet Adapter, Twisted-Pair-Medien"},{"iso6391Locale":"es","value":"Adaptador Ethernet 1738, medio de par trenzado"},{"iso6391Locale":"pt","value":"Adaptador 1738 Ethernet, mídia de par trançado"},{"iso6391Locale":"it","value":"Adattatore Ethernet 1738, supporto a doppino ritorto"},{"iso6391Locale":"ja","value":"1738 イーサネット アダプタ、ツイストペア メディア"},{"iso6391Locale":"ko","value":"1738 이더넷 어댑터, 트위스티드 페어 미디어"},{"iso6391Locale":"zh","value":"1738 以太网适配器，双绞线介质"}],"majRevSeries":["A"],"cip":{"majRev":2,"vendCode":1,"prodType":12,"prodCode":132}},"categories":["Communication"],"ports":[{"portID":"1","type":"ArmorPoint","downStreamOnly":true,"localOnly":false,"label":"Chassis","width":1,"connectorOffset":0,"noClass1OutRouting":false},{"portID":"2","type":"Ethernet","downStreamOnly":false,"localOnly":false,"label":"ENet","width":1,"connectorOffset":0,"noClass1OutRouting":false}],"image":{"ideIcon":{"name":"device-ethernet-bridge-adapter-module"}},"ideSupport":{"ideStyle":"AOPCore","minIDEVersion":1,"PVCLSID":"{81E11FFF-A883-4C09-A274-FBCEEF42AE93}","PSCLSID":"{848B1A29-B8C1-4333-89EB-80C2EF30BDD9}"},"ioSupport":{"noRemoteChildren":false,"restrictsUnicastBeforeRevision":3,"multicastOnly":false,"unicastOnly":false,"routesUnicast":3,"hmiButtonControl":false,"redundancy":{"canExistInRedundantChassis":false}}},{"identity":{"productID":["cip.type:1.12.132.1"],"vendor":"Rockwell Automation/Allen-Bradley","productType":[],"productName":"1738-AENT","catalog":"1738-AENT","description":[{"iso6391Locale":"en","value":"1738 Ethernet Adapter, Twisted-Pair Media"},{"iso6391Locale":"fr","value":"Adaptateur Ethernet 1738, support paire torsadée"},{"iso6391Locale":"de","value":"1738 Ethernet Adapter, Twisted-Pair-Medien"},{"iso6391Locale":"es","value":"Adaptador Ethernet 1738, medio de par trenzado"},{"iso6391Locale":"pt","value":"Adaptador 1738 Ethernet, mídia de par trançado"},{"iso6391Locale":"it","value":"Adattatore Ethernet 1738, supporto a doppino ritorto"},{"iso6391Locale":"ja","value":"1738 イーサネット アダプタ、ツイストペア メディア"},{"iso6391Locale":"ko","value":"1738 이더넷 어댑터, 트위스티드 페어 미디어"},{"iso6391Locale":"zh","value":"1738 以太网适配器，双绞线介质"}],"majRevSeries":["A"],"cip":{"majRev":1,"vendCode":1,"prodType":12,"prodCode":132}},"categories":["Communication"],"ports":[{"portID":"1","type":"ArmorPoint","downStreamOnly":true,"localOnly":false,"label":"Chassis","width":1,"connectorOffset":0,"noClass1OutRouting":false},{"portID":"2","type":"Ethernet","downStreamOnly":false,"localOnly":false,"label":"ENet","width":1,"connectorOffset":0,"noClass1OutRouting":false}],"image":{"ideIcon":{"name":"device-ethernet-bridge-adapter-module"}},"ideSupport":{"ideStyle":"AOPCore","minIDEVersion":1,"PVCLSID":"{81E11FFF-A883-4C09-A274-FBCEEF42AE93}","PSCLSID":"{848B1A29-B8C1-4333-89EB-80C2EF30BDD9}"},"ioSupport":{"noRemoteChildren":false,"restrictsUnicastBeforeRevision":3,"multicastOnly":false,"unicastOnly":false,"routesUnicast":3,"hmiButtonControl":false,"redundancy":{"canExistInRedundantChassis":false}}}]}
{"_id":{"$oid":"65ea55810b9b5d6a85c650c3"},"identity":{"productID":[],"cip":{"vendCode":1,"prodType":115,"prodCode":123}},"revisions":[{"identity":{"productID":["cip.type:1.115.123.3"],"vendor":"Rockwell Automation/Allen-Bradley","productType":[{"iso6391Locale":"en","value":"RA Miscellaneous"},{"iso6391Locale":"fr","value":"Divers RA"},{"iso6391Locale":"de","value":"RA Verschiedenes"},{"iso6391Locale":"es","value":"Misceláneos RA"},{"iso6391Locale":"it","value":"Varie RA"},{"iso6391Locale":"pt","value":"Diversos de RA"},{"iso6391Locale":"ja","value":"RA 各種"},{"iso6391Locale":"ko","value":"RA 기타"},{"iso6391Locale":"zh","value":"RA 其他"}],"productName":"1738-IE2CM12","catalog":"1738-IE2CM12","description":[{"iso6391Locale":"en","value":"2 Channel Analog Current Input"},{"iso6391Locale":"fr","value":"Entrée analogique courant, 2 canaux"},{"iso6391Locale":"de","value":"Analoger 2-Kanal-Stromeingang"},{"iso6391Locale":"es","value":"Entrada analógica de corriente de 2 canales"},{"iso6391Locale":"pt","value":"Entrada de corrente analógica com 2 canais"},{"iso6391Locale":"it","value":"Ingresso analogico di corrente a 2 canali"},{"iso6391Locale":"ja","value":"2 チャネル アナログ電流入力"},{"iso6391Locale":"ko","value":"2 채널 아날로그 전류 입력"},{"iso6391Locale":"zh","value":"2 通道模拟电流输入"}],"majRevSeries":["A"],"cip":{"vendCode":1,"prodType":115,"prodCode":123,"majRev":3}},"categories":["Analog","Input"],"ports":[{"portID":"1","type":"ArmorPoint","downStreamOnly":false,"localOnly":false,"label":"Chassis","width":1,"connectorOffset":0,"noClass1OutRouting":false}],"image":{"ideIcon":{"name":"device-io-module"}},"ideSupport":{"ideStyle":"AOPCore","minIDEVersion":1,"PVCLSID":"{81E11FFF-A883-4C09-A274-FBCEEF42AE93}","PSCLSID":"{848B1A29-B8C1-4333-89EB-80C2EF30BDD9}"},"ioSupport":{"noRemoteChildren":false,"multicastOnly":false,"unicastOnly":false,"hmiButtonControl":false,"redundancy":{"canExistInRedundantChassis":false}}}]}
