{"_id":{"$oid":"65ea558e04eb5726e4c114dc"},"identity":{"productID":[],"cip":{"vendCode":1,"prodType":3,"prodCode":506}},"revisions":[{"identity":{"productID":["cip.type:1.3.506.5"],"vendor":"Rockwell Automation/Allen-Bradley","productType":[],"productName":"E3 Plus 5A-25A Motor Starter via 2100-ENET","catalog":"193/592-EC2B","description":[{"iso6391Locale":"en","value":"E3 Plus 3A-15A Motor Starter via 2100-ENET"},{"iso6391Locale":"fr","value":"E3 Plus 3A-15A Motor Starter via 2100-ENET"},{"iso6391Locale":"de","value":"E3 Plus 3A-15A Motor Starter via 2100-ENET"},{"iso6391Locale":"es","value":"E3 Plus 3A-15A Motor Starter via 2100-ENET"},{"iso6391Locale":"pt","value":"E3 Plus 3A-15A Motor Starter via 2100-ENET"},{"iso6391Locale":"it","value":"E3 Plus 3A-15A Motor Starter via 2100-ENET"},{"iso6391Locale":"ja","value":"E3 Plus 3A-15A Motor Starter via 2100-ENET"},{"iso6391Locale":"ko","value":"E3 Plus 3A-15A Motor Starter via 2100-ENET"},{"iso6391Locale":"zh","value":"E3 Plus 3A-15A Motor Starter via 2100-ENET"}],"majRevSeries":[],"cip":{"vendCode":1,"prodType":3,"prodCode":506,"majRev":5}},"categories":["MotorStarter"],"ports":[{"portID":"1","type":"Ethernet","downStreamOnly":false,"localOnly":false,"width":1,"connectorOffset":0,"noClass1OutRouting":false}],"image":{"ideIcon":{"name":"device-stand-alone-ethernet"}},"ideSupport":{"minIDEVersion":1,"PVCLSID":"{81e11fff-a883-4c09-a274-fbceef42ae93}","PSCLSID":"{848B1A29-B8C1-4333-89EB-80C2EF30BDD9}"},"ioSupport":{"noRemoteChildren":false,"multicastOnly":false,"unicastOnly":false,"hmiButtonControl":false,"redundancy":{"canExistInRedundantChassis":false}}}]}
{"_id":{"$oid":"65ea558e04eb5726e4c114dd"},"identity":{"productID":[],"cip":{"vendCode":1,"prodType":3,"prodCode":508}},"revisions":[{"identity":{"productID":["cip.type:1.3.508.5"],"vendor":"Rockwell Automation/Allen-Bradley","productType":[],"productName":"E3 Plus 5A-25A Motor Starter via 2100-ENET","catalog":"193/592-EC2C","description":[{"iso6391Locale":"en","value":"E3 Plus 5A-25A Motor Starter via 2100-ENET"},{"iso6391Locale":"fr","value":"E3 Plus 5A-25A Motor Starter via 2100-ENET"},{"iso6391Locale":"de","value":"E3 Plus 5A-25A Motor Starter via 2100-ENET"},{"iso6391Locale":"es","value":"E3 Plus 5A-25A Motor Starter via 2100-ENET"},{"iso6391Locale":"pt","value":"E3 Plus 5A-25A Motor Starter via 2100-ENET"},{"iso6391Locale":"it","value":"E3 Plus 5A-25A Motor Starter via 2100-ENET"},{"iso6391Locale":"ja","value":"E3 Plus 5A-25A Motor Starter via 2100-ENET"},{"iso6391Locale":"ko","value":"E3 Plus 5A-25A Motor Starter via 2100-ENET"},{"iso6391Locale":"zh","value":"E3 Plus 5A-25A Motor Starter via 2100-ENET"}],"majRevSeries":[],"cip":{"vendCode":1,"prodType":3,"prodCode":508,"majRev":5}},"categories":["MotorStarter"],"ports":[{"portID":"1","type":"Ethernet","downStreamOnly":false,"localOnly":false,"width":1,"connectorOffset":0,"noClass1OutRouting":false}],"image":{"ideIcon":{"name":"device-stand-alone-ethernet"}},"ideSupport":{"minIDEVersion":1,"PVCLSID":"{81e11fff-a883-4c09-a274-fbceef42ae93}","PSCLSID":"{848B1A29-B8C1-4333-89EB-80C2EF30BDD9}"},"ioSupport":{"noRemoteChildren":false,"multicastOnly":false,"unicastOnly":false,"hmiButtonControl":false,"redundancy":{"canExistInRedundantChassis":false}}}]}
{"_id":{"$oid":"65ea558e04eb5726e4c114de"},"identity":{"productID":[],"cip":{"vendCode":1,"prodType":3,"prodCode":510}},"revisions":[{"identity":{"productID":["cip.type:1.3.510.5"],"vendor":"Rockwell Automation/Allen-Bradley","productType":[],"productName":"E3 Plus 9A-45A Motor Starter via 2100-ENET","catalog":"193/592-EC2D","description":[{"iso6391Locale":"en","value":"E3 Plus 9A-45A Motor Starter via 2100-ENET"},{"iso6391Locale":"fr","value":"E3 Plus 9A-45A Motor Starter via 2100-ENET"},{"iso6391Locale":"de","value":"E3 Plus 9A-45A Motor Starter via 2100-ENET"},{"iso6391Locale":"es","value":"E3 Plus 9A-45A Motor Starter via 2100-ENET"},{"iso6391Locale":"pt","value":"E3 Plus 9A-45A Motor Starter via 2100-ENET"},{"iso6391Locale":"it","value":"E3 Plus 9A-45A Motor Starter via 2100-ENET"},{"iso6391Locale":"ja","value":"E3 Plus 9A-45A Motor Starter via 2100-ENET"},{"iso6391Locale":"ko","value":"E3 Plus 9A-45A Motor Starter via 2100-ENET"},{"iso6391Locale":"zh","value":"E3 Plus 9A-45A Motor Starter via 2100-ENET"}],"majRevSeries":[],"cip":{"vendCode":1,"prodType":3,"prodCode":510,"majRev":5}},"categories":["MotorStarter"],"ports":[{"portID":"1","type":"Ethernet","downStreamOnly":false,"localOnly":false,"width":1,"connectorOffset":0,"noClass1OutRouting":false}],"image":{"ideIcon":{"name":"device-stand-alone-ethernet"}},"ideSupport":{"minIDEVersion":1,"PVCLSID":"{81e11fff-a883-4c09-a274-fbceef42ae93}","PSCLSID":"{848B1A29-B8C1-4333-89EB-80C2EF30BDD9}"},"ioSupport":{"noRemoteChildren":false,"multicastOnly":false,"unicastOnly":false,"hmiButtonControl":false,"redundancy":{"canExistInRedundantChassis":false}}}]}
{"_id":{"$oid":"65ea558e04eb5726e4c114df"},"identity":{"productID":[],"cip":{"vendCode":1,"prodType":3,"prodCode":512}},"revisions":[{"identity":{"productID":["cip.type:1.3.512.5"],"vendor":"Rockwell Automation/Allen-Bradley","productType":[],"productName":"E3 Plus 18A-90A Motor Starter via 2100-ENET","catalog":"193/592-EC2E","description":[{"iso6391Locale":"en","value":"E3 Plus 18A-90A Motor Starter via 2100-ENET"},{"iso6391Locale":"fr","value":"E3 Plus 18A-90A Motor Starter via 2100-ENET"},{"iso6391Locale":"de","value":"E3 Plus 18A-90A Motor Starter via 2100-ENET"},{"iso6391Locale":"es","value":"E3 Plus 18A-90A Motor Starter via 2100-ENET"},{"iso6391Locale":"pt","value":"E3 Plus 18A-90A Motor Starter via 2100-ENET"},{"iso6391Locale":"it","value":"E3 Plus 18A-90A Motor Starter via 2100-ENET"},{"iso6391Locale":"ja","value":"E3 Plus 18A-90A Motor Starter via 2100-ENET"},{"iso6391Locale":"ko","value":"E3 Plus 18A-90A Motor Starter via 2100-ENET"},{"iso6391Locale":"zh","value":"E3 Plus 18A-90A Motor Starter via 2100-ENET"}],"majRevSeries":[],"cip":{"vendCode":1,"prodType":3,"prodCode":512,"majRev":5}},"categories":["MotorStarter"],"ports":[{"portID":"1","type":"Ethernet","downStreamOnly":false,"localOnly":false,"width":1,"connectorOffset":0,"noClass1OutRouting":false}],"image":{"ideIcon":{"name":"device-stand-alone-ethernet"}},"ideSupport":{"minIDEVersion":1,"PVCLSID":"{81e11fff-a883-4c09-a274-fbceef42ae93}","PSCLSID":"{848B1A29-B8C1-4333-89EB-80C2EF30BDD9}"},"ioSupport":{"noRemoteChildren":false,"multicastOnly":false,"unicastOnly":false,"hmiButtonControl":false,"redundancy":{"canExistInRedundantChassis":false}}}]}
{"_id":{"$oid":"65ea558e04eb5726e4c114e0"},"identity":{"productID":[],"cip":{"vendCode":1,"prodType":3,"prodCode":546}},"revisions":[{"identity":{"productID":["cip.type:1.3.546.5"],"vendor":"Rockwell Automation/Allen-Bradley","productType":[],"productName":"E3 Plus 0.4A-2A Motor Starter via 2100-ENET","catalog":"193/592-EC3P","description":[{"iso6391Locale":"en","value":"E3 Plus 0.4A-2A Motor Starter via 2100-ENET"},{"iso6391Locale":"fr","value":"E3 Plus 0.4A-2A Motor Starter via 2100-ENET"},{"iso6391Locale":"de","value":"E3 Plus 0.4A-2A Motor Starter via 2100-ENET"},{"iso6391Locale":"es","value":"E3 Plus 0.4A-2A Motor Starter via 2100-ENET"},{"iso6391Locale":"pt","value":"E3 Plus 0.4A-2A Motor Starter via 2100-ENET"},{"iso6391Locale":"it","value":"E3 Plus 0.4A-2A Motor Starter via 2100-ENET"},{"iso6391Locale":"ja","value":"E3 Plus 0.4A-2A Motor Starter via 2100-ENET"},{"iso6391Locale":"ko","value":"E3 Plus 0.4A-2A Motor Starter via 2100-ENET"},{"iso6391Locale":"zh","value":"E3 Plus 0.4A-2A Motor Starter via 2100-ENET"}],"majRevSeries":[],"cip":{"vendCode":1,"prodType":3,"prodCode":546,"majRev":5}},"categories":["MotorStarter"],"ports":[{"portID":"1","type":"Ethernet","downStreamOnly":false,"localOnly":false,"width":1,"connectorOffset":0,"noClass1OutRouting":false}],"image":{"ideIcon":{"name":"device-stand-alone-ethernet"}},"ideSupport":{"minIDEVersion":1,"PVCLSID":"{81e11fff-a883-4c09-a274-fbceef42ae93}","PSCLSID":"{848B1A29-B8C1-4333-89EB-80C2EF30BDD9}"},"ioSupport":{"noRemoteChildren":false,"multicastOnly":false,"unicastOnly":false,"hmiButtonControl":false,"redundancy":{"canExistInRedundantChassis":false}}}]}
{"_id":{"$oid":"65ea558e04eb5726e4c114e1"},"identity":{"productID":[],"cip":{"vendCode":1,"prodType":3,"prodCode":536}},"revisions":[{"identity":{"productID":["cip.type:1.3.536.5"],"vendor":"Rockwell Automation/Allen-Bradley","productType":[],"productName":"E3 Plus 1A-5A Motor Starter via 2100-ENET","catalog":"193/592-EC3A","description":[{"iso6391Locale":"en","value":"E3 Plus 1A-5A Motor Starter via 2100-ENET"},{"iso6391Locale":"fr","value":"E3 Plus 1A-5A Motor Starter via 2100-ENET"},{"iso6391Locale":"de","value":"E3 Plus 1A-5A Motor Starter via 2100-ENET"},{"iso6391Locale":"es","value":"E3 Plus 1A-5A Motor Starter via 2100-ENET"},{"iso6391Locale":"pt","value":"E3 Plus 1A-5A Motor Starter via 2100-ENET"},{"iso6391Locale":"it","value":"E3 Plus 1A-5A Motor Starter via 2100-ENET"},{"iso6391Locale":"ja","value":"E3 Plus 1A-5A Motor Starter via 2100-ENET"},{"iso6391Locale":"ko","value":"E3 Plus 1A-5A Motor Starter via 2100-ENET"},{"iso6391Locale":"zh","value":"E3 Plus 1A-5A Motor Starter via 2100-ENET"}],"majRevSeries":[],"cip":{"vendCode":1,"prodType":3,"prodCode":536,"majRev":5}},"categories":["MotorStarter"],"ports":[{"portID":"1","type":"Ethernet","downStreamOnly":false,"localOnly":false,"width":1,"connectorOffset":0,"noClass1OutRouting":false}],"image":{"ideIcon":{"name":"device-stand-alone-ethernet"}},"ideSupport":{"minIDEVersion":1,"PVCLSID":"{81e11fff-a883-4c09-a274-fbceef42ae93}","PSCLSID":"{848B1A29-B8C1-4333-89EB-80C2EF30BDD9}"},"ioSupport":{"noRemoteChildren":false,"multicastOnly":false,"unicastOnly":false,"hmiButtonControl":false,"redundancy":{"canExistInRedundantChassis":false}}}]}
{"_id":{"$oid":"65ea558e04eb5726e4c114e2"},"identity":{"productID":[],"cip":{"vendCode":1,"prodType":3,"prodCode":538}},"revisions":[{"identity":{"productID":["cip.type:1.3.538.5"],"vendor":"Rockwell Automation/Allen-Bradley","productType":[],"productName":"E3 Plus 3A-15A Motor Starter via 2100-ENET","catalog":"193/592-EC3B","description":[{"iso6391Locale":"en","value":"E3 Plus 3A-15A Motor Starter via 2100-ENET"},{"iso6391Locale":"fr","value":"E3 Plus 3A-15A Motor Starter via 2100-ENET"},{"iso6391Locale":"de","value":"E3 Plus 3A-15A Motor Starter via 2100-ENET"},{"iso6391Locale":"es","value":"E3 Plus 3A-15A Motor Starter via 2100-ENET"},{"iso6391Locale":"pt","value":"E3 Plus 3A-15A Motor Starter via 2100-ENET"},{"iso6391Locale":"it","value":"E3 Plus 3A-15A Motor Starter via 2100-ENET"},{"iso6391Locale":"ja","value":"E3 Plus 3A-15A Motor Starter via 2100-ENET"},{"iso6391Locale":"ko","value":"E3 Plus 3A-15A Motor Starter via 2100-ENET"},{"iso6391Locale":"zh","value":"E3 Plus 3A-15A Motor Starter via 2100-ENET"}],"majRevSeries":[],"cip":{"vendCode":1,"prodType":3,"prodCode":538,"majRev":5}},"categories":["MotorStarter"],"ports":[{"portID":"1","type":"Ethernet","downStreamOnly":false,"localOnly":false,"width":1,"connectorOffset":0,"noClass1OutRouting":false}],"image":{"ideIcon":{"name":"device-stand-alone-ethernet"}},"ideSupport":{"minIDEVersion":1,"PVCLSID":"{81e11fff-a883-4c09-a274-fbceef42ae93}","PSCLSID":"{848B1A29-B8C1-4333-89EB-80C2EF30BDD9}"},"ioSupport":{"noRemoteChildren":false,"multicastOnly":false,"unicastOnly":false,"hmiButtonControl":false,"redundancy":{"canExistInRedundantChassis":false}}}]}
{"_id":{"$oid":"65ea558e04eb5726e4c114e3"},"identity":{"productID":[],"cip":{"vendCode":1,"prodType":3,"prodCode":540}},"revisions":[{"identity":{"productID":["cip.type:1.3.540.5"],"vendor":"Rockwell Automation/Allen-Bradley","productType":[],"productName":"E3 Plus 5A-25A Motor Starter via 2100-ENET","catalog":"193/592-EC3C","description":[{"iso6391Locale":"en","value":"E3 Plus 5A-25A Motor Starter via 2100-ENET"},{"iso6391Locale":"fr","value":"E3 Plus 5A-25A Motor Starter via 2100-ENET"},{"iso6391Locale":"de","value":"E3 Plus 5A-25A Motor Starter via 2100-ENET"},{"iso6391Locale":"es","value":"E3 Plus 5A-25A Motor Starter via 2100-ENET"},{"iso6391Locale":"pt","value":"E3 Plus 5A-25A Motor Starter via 2100-ENET"},{"iso6391Locale":"it","value":"E3 Plus 5A-25A Motor Starter via 2100-ENET"},{"iso6391Locale":"ja","value":"E3 Plus 5A-25A Motor Starter via 2100-ENET"},{"iso6391Locale":"ko","value":"E3 Plus 5A-25A Motor Starter via 2100-ENET"},{"iso6391Locale":"zh","value":"E3 Plus 5A-25A Motor Starter via 2100-ENET"}],"majRevSeries":[],"cip":{"vendCode":1,"prodType":3,"prodCode":540,"majRev":5}},"categories":["MotorStarter"],"ports":[{"portID":"1","type":"Ethernet","downStreamOnly":false,"localOnly":false,"width":1,"connectorOffset":0,"noClass1OutRouting":false}],"image":{"ideIcon":{"name":"device-stand-alone-ethernet"}},"ideSupport":{"minIDEVersion":1,"PVCLSID":"{81e11fff-a883-4c09-a274-fbceef42ae93}","PSCLSID":"{848B1A29-B8C1-4333-89EB-80C2EF30BDD9}"},"ioSupport":{"noRemoteChildren":false,"multicastOnly":false,"unicastOnly":false,"hmiButtonControl":false,"redundancy":{"canExistInRedundantChassis":false}}}]}
{"_id":{"$oid":"65ea558e04eb5726e4c114e4"},"identity":{"productID":[],"cip":{"vendCode":1,"prodType":3,"prodCode":542}},"revisions":[{"identity":{"productID":["cip.type:1.3.542.5"],"vendor":"Rockwell Automation/Allen-Bradley","productType":[],"productName":"E3 Plus 9A-45A Motor Starter via 2100-ENET","catalog":"193/592-EC3D","description":[{"iso6391Locale":"en","value":"E3 Plus 9A-45A Motor Starter via 2100-ENET"},{"iso6391Locale":"fr","value":"E3 Plus 9A-45A Motor Starter via 2100-ENET"},{"iso6391Locale":"de","value":"E3 Plus 9A-45A Motor Starter via 2100-ENET"},{"iso6391Locale":"es","value":"E3 Plus 9A-45A Motor Starter via 2100-ENET"},{"iso6391Locale":"pt","value":"E3 Plus 9A-45A Motor Starter via 2100-ENET"},{"iso6391Locale":"it","value":"E3 Plus 9A-45A Motor Starter via 2100-ENET"},{"iso6391Locale":"ja","value":"E3 Plus 9A-45A Motor Starter via 2100-ENET"},{"iso6391Locale":"ko","value":"E3 Plus 9A-45A Motor Starter via 2100-ENET"},{"iso6391Locale":"zh","value":"E3 Plus 9A-45A Motor Starter via 2100-ENET"}],"majRevSeries":[],"cip":{"vendCode":1,"prodType":3,"prodCode":542,"majRev":5}},"categories":["MotorStarter"],"ports":[{"portID":"1","type":"Ethernet","downStreamOnly":false,"localOnly":false,"width":1,"connectorOffset":0,"noClass1OutRouting":false}],"image":{"ideIcon":{"name":"device-stand-alone-ethernet"}},"ideSupport":{"minIDEVersion":1,"PVCLSID":"{81e11fff-a883-4c09-a274-fbceef42ae93}","PSCLSID":"{848B1A29-B8C1-4333-89EB-80C2EF30BDD9}"},"ioSupport":{"noRemoteChildren":false,"multicastOnly":false,"unicastOnly":false,"hmiButtonControl":false,"redundancy":{"canExistInRedundantChassis":false}}}]}
{"_id":{"$oid":"65ea558e04eb5726e4c114e5"},"identity":{"productID":[],"cip":{"vendCode":1,"prodType":3,"prodCode":548}},"revisions":[{"identity":{"productID":["cip.type:1.3.548.5"],"vendor":"Rockwell Automation/Allen-Bradley","productType":[],"productName":"E3 Plus 9A-5000A Motor Starter via 2100-ENET","catalog":"193/592-EC3Z","description":[{"iso6391Locale":"en","value":"E3 Plus 9A-5000A Motor Starter via 2100-ENET"},{"iso6391Locale":"fr","value":"E3 Plus 9A-5000A Motor Starter via 2100-ENET"},{"iso6391Locale":"de","value":"E3 Plus 9A-5000A Motor Starter via 2100-ENET"},{"iso6391Locale":"es","value":"E3 Plus 9A-5000A Motor Starter via 2100-ENET"},{"iso6391Locale":"pt","value":"E3 Plus 9A-5000A Motor Starter via 2100-ENET"},{"iso6391Locale":"it","value":"E3 Plus 9A-5000A Motor Starter via 2100-ENET"},{"iso6391Locale":"ja","value":"E3 Plus 9A-5000A Motor Starter via 2100-ENET"},{"iso6391Locale":"ko","value":"E3 Plus 9A-5000A Motor Starter via 2100-ENET"},{"iso6391Locale":"zh","value":"E3 Plus 9A-5000A Motor Starter via 2100-ENET"}],"majRevSeries":[],"cip":{"vendCode":1,"prodType":3,"prodCode":548,"majRev":5}},"categories":["MotorStarter"],"ports":[{"portID":"1","type":"Ethernet","downStreamOnly":false,"localOnly":false,"width":1,"connectorOffset":0,"noClass1OutRouting":false}],"image":{"ideIcon":{"name":"device-stand-alone-ethernet"}},"ideSupport":{"minIDEVersion":1,"PVCLSID":"{81e11fff-a883-4c09-a274-fbceef42ae93}","PSCLSID":"{848B1A29-B8C1-4333-89EB-80C2EF30BDD9}"},"ioSupport":{"noRemoteChildren":false,"multicastOnly":false,"unicastOnly":false,"hmiButtonControl":false,"redundancy":{"canExistInRedundantChassis":false}}}]}
{"_id":{"$oid":"65ea558e04eb5726e4c114e6"},"identity":{"productID":[],"cip":{"vendCode":1,"prodType":3,"prodCode":544}},"revisions":[{"identity":{"productID":["cip.type:1.3.544.5"],"vendor":"Rockwell Automation/Allen-Bradley","productType":[],"productName":"E3 Plus 18A-90A Motor Starter via 2100-ENET","catalog":"193/592-EC3E","description":[{"iso6391Locale":"en","value":"E3 Plus 18A-90A Motor Starter via 2100-ENET"},{"iso6391Locale":"fr","value":"E3 Plus 18A-90A Motor Starter via 2100-ENET"},{"iso6391Locale":"de","value":"E3 Plus 18A-90A Motor Starter via 2100-ENET"},{"iso6391Locale":"es","value":"E3 Plus 18A-90A Motor Starter via 2100-ENET"},{"iso6391Locale":"pt","value":"E3 Plus 18A-90A Motor Starter via 2100-ENET"},{"iso6391Locale":"it","value":"E3 Plus 18A-90A Motor Starter via 2100-ENET"},{"iso6391Locale":"ja","value":"E3 Plus 18A-90A Motor Starter via 2100-ENET"},{"iso6391Locale":"ko","value":"E3 Plus 18A-90A Motor Starter via 2100-ENET"},{"iso6391Locale":"zh","value":"E3 Plus 18A-90A Motor Starter via 2100-ENET"}],"majRevSeries":[],"cip":{"vendCode":1,"prodType":3,"prodCode":544,"majRev":5}},"categories":["MotorStarter"],"ports":[{"portID":"1","type":"Ethernet","downStreamOnly":false,"localOnly":false,"width":1,"connectorOffset":0,"noClass1OutRouting":false}],"image":{"ideIcon":{"name":"device-stand-alone-ethernet"}},"ideSupport":{"minIDEVersion":1,"PVCLSID":"{81e11fff-a883-4c09-a274-fbceef42ae93}","PSCLSID":"{848B1A29-B8C1-4333-89EB-80C2EF30BDD9}"},"ioSupport":{"noRemoteChildren":false,"multicastOnly":false,"unicastOnly":false,"hmiButtonControl":false,"redundancy":{"canExistInRedundantChassis":false}}}]}
{"_id":{"$oid":"65ea558e04eb5726e4c114e7"},"identity":{"productID":[],"cip":{"vendCode":1,"prodType":3,"prodCode":560}},"revisions":[{"identity":{"productID":["cip.type:1.3.560.5"],"vendor":"Rockwell Automation/Allen-Bradley","productType":[],"productName":"E3 Plus 0.4A-2A Motor Starter via 2100-ENET","catalog":"193/592-EC4P","description":[{"iso6391Locale":"en","value":"E3 Plus 0.4A-2A Motor Starter via 2100-ENET"},{"iso6391Locale":"fr","value":"E3 Plus 0.4A-2A Motor Starter via 2100-ENET"},{"iso6391Locale":"de","value":"E3 Plus 0.4A-2A Motor Starter via 2100-ENET"},{"iso6391Locale":"es","value":"E3 Plus 0.4A-2A Motor Starter via 2100-ENET"},{"iso6391Locale":"pt","value":"E3 Plus 0.4A-2A Motor Starter via 2100-ENET"},{"iso6391Locale":"it","value":"E3 Plus 0.4A-2A Motor Starter via 2100-ENET"},{"iso6391Locale":"ja","value":"E3 Plus 0.4A-2A Motor Starter via 2100-ENET"},{"iso6391Locale":"ko","value":"E3 Plus 0.4A-2A Motor Starter via 2100-ENET"},{"iso6391Locale":"zh","value":"E3 Plus 0.4A-2A Motor Starter via 2100-ENET"}],"majRevSeries":[],"cip":{"vendCode":1,"prodType":3,"prodCode":560,"majRev":5}},"categories":["MotorStarter"],"ports":[{"portID":"1","type":"Ethernet","downStreamOnly":false,"localOnly":false,"width":1,"connectorOffset":0,"noClass1OutRouting":false}],"image":{"ideIcon":{"name":"device-stand-alone-ethernet"}},"ideSupport":{"minIDEVersion":1,"PVCLSID":"{81e11fff-a883-4c09-a274-fbceef42ae93}","PSCLSID":"{848B1A29-B8C1-4333-89EB-80C2EF30BDD9}"},"ioSupport":{"noRemoteChildren":false,"multicastOnly":false,"unicastOnly":false,"hmiButtonControl":false,"redundancy":{"canExistInRedundantChassis":false}}}]}
{"_id":{"$oid":"65ea558e04eb5726e4c114e8"},"identity":{"productID":[],"cip":{"vendCode":1,"prodType":3,"prodCode":550}},"revisions":[{"identity":{"productID":["cip.type:1.3.550.5"],"vendor":"Rockwell Automation/Allen-Bradley","productType":[],"productName":"E3 Plus 1A-5A Motor Starter via 2100-ENET","catalog":"193/592-EC4A","description":[{"iso6391Locale":"en","value":"E3 Plus 1A-5A Motor Starter via 2100-ENET"},{"iso6391Locale":"fr","value":"E3 Plus 1A-5A Motor Starter via 2100-ENET"},{"iso6391Locale":"de","value":"E3 Plus 1A-5A Motor Starter via 2100-ENET"},{"iso6391Locale":"es","value":"E3 Plus 1A-5A Motor Starter via 2100-ENET"},{"iso6391Locale":"pt","value":"E3 Plus 1A-5A Motor Starter via 2100-ENET"},{"iso6391Locale":"it","value":"E3 Plus 1A-5A Motor Starter via 2100-ENET"},{"iso6391Locale":"ja","value":"E3 Plus 1A-5A Motor Starter via 2100-ENET"},{"iso6391Locale":"ko","value":"E3 Plus 1A-5A Motor Starter via 2100-ENET"},{"iso6391Locale":"zh","value":"E3 Plus 1A-5A Motor Starter via 2100-ENET"}],"majRevSeries":[],"cip":{"vendCode":1,"prodType":3,"prodCode":550,"majRev":5}},"categories":["MotorStarter"],"ports":[{"portID":"1","type":"Ethernet","downStreamOnly":false,"localOnly":false,"width":1,"connectorOffset":0,"noClass1OutRouting":false}],"image":{"ideIcon":{"name":"device-stand-alone-ethernet"}},"ideSupport":{"minIDEVersion":1,"PVCLSID":"{81e11fff-a883-4c09-a274-fbceef42ae93}","PSCLSID":"{848B1A29-B8C1-4333-89EB-80C2EF30BDD9}"},"ioSupport":{"noRemoteChildren":false,"multicastOnly":false,"unicastOnly":false,"hmiButtonControl":false,"redundancy":{"canExistInRedundantChassis":false}}}]}
{"_id":{"$oid":"65ea558e04eb5726e4c114e9"},"identity":{"productID":[],"cip":{"vendCode":1,"prodType":3,"prodCode":552}},"revisions":[{"identity":{"productID":["cip.type:1.3.552.5"],"vendor":"Rockwell Automation/Allen-Bradley","productType":[],"productName":"E3 Plus 3A-15A Motor Starter via 2100-ENET","catalog":"193/592-EC4B","description":[{"iso6391Locale":"en","value":"E3 Plus 3A-15A Motor Starter via 2100-ENET"},{"iso6391Locale":"fr","value":"E3 Plus 3A-15A Motor Starter via 2100-ENET"},{"iso6391Locale":"de","value":"E3 Plus 3A-15A Motor Starter via 2100-ENET"},{"iso6391Locale":"es","value":"E3 Plus 3A-15A Motor Starter via 2100-ENET"},{"iso6391Locale":"pt","value":"E3 Plus 3A-15A Motor Starter via 2100-ENET"},{"iso6391Locale":"it","value":"E3 Plus 3A-15A Motor Starter via 2100-ENET"},{"iso6391Locale":"ja","value":"E3 Plus 3A-15A Motor Starter via 2100-ENET"},{"iso6391Locale":"ko","value":"E3 Plus 3A-15A Motor Starter via 2100-ENET"},{"iso6391Locale":"zh","value":"E3 Plus 3A-15A Motor Starter via 2100-ENET"}],"majRevSeries":[],"cip":{"vendCode":1,"prodType":3,"prodCode":552,"majRev":5}},"categories":["MotorStarter"],"ports":[{"portID":"1","type":"Ethernet","downStreamOnly":false,"localOnly":false,"width":1,"connectorOffset":0,"noClass1OutRouting":false}],"image":{"ideIcon":{"name":"device-stand-alone-ethernet"}},"ideSupport":{"minIDEVersion":1,"PVCLSID":"{81e11fff-a883-4c09-a274-fbceef42ae93}","PSCLSID":"{848B1A29-B8C1-4333-89EB-80C2EF30BDD9}"},"ioSupport":{"noRemoteChildren":false,"multicastOnly":false,"unicastOnly":false,"hmiButtonControl":false,"redundancy":{"canExistInRedundantChassis":false}}}]}
{"_id":{"$oid":"65ea558e04eb5726e4c114ea"},"identity":{"productID":[],"cip":{"vendCode":1,"prodType":3,"prodCode":554}},"revisions":[{"identity":{"productID":["cip.type:1.3.554.5"],"vendor":"Rockwell Automation/Allen-Bradley","productType":[],"productName":"E3 Plus 5A-25A Motor Starter via 2100-ENET","catalog":"193/592-EC4C","description":[{"iso6391Locale":"en","value":"E3 Plus 5A-25A Motor Starter via 2100-ENET"},{"iso6391Locale":"fr","value":"E3 Plus 5A-25A Motor Starter via 2100-ENET"},{"iso6391Locale":"de","value":"E3 Plus 5A-25A Motor Starter via 2100-ENET"},{"iso6391Locale":"es","value":"E3 Plus 5A-25A Motor Starter via 2100-ENET"},{"iso6391Locale":"pt","value":"E3 Plus 5A-25A Motor Starter via 2100-ENET"},{"iso6391Locale":"it","value":"E3 Plus 5A-25A Motor Starter via 2100-ENET"},{"iso6391Locale":"ja","value":"E3 Plus 5A-25A Motor Starter via 2100-ENET"},{"iso6391Locale":"ko","value":"E3 Plus 5A-25A Motor Starter via 2100-ENET"},{"iso6391Locale":"zh","value":"E3 Plus 5A-25A Motor Starter via 2100-ENET"}],"majRevSeries":[],"cip":{"vendCode":1,"prodType":3,"prodCode":554,"majRev":5}},"categories":["MotorStarter"],"ports":[{"portID":"1","type":"Ethernet","downStreamOnly":false,"localOnly":false,"width":1,"connectorOffset":0,"noClass1OutRouting":false}],"image":{"ideIcon":{"name":"device-stand-alone-ethernet"}},"ideSupport":{"minIDEVersion":1,"PVCLSID":"{81e11fff-a883-4c09-a274-fbceef42ae93}","PSCLSID":"{848B1A29-B8C1-4333-89EB-80C2EF30BDD9}"},"ioSupport":{"noRemoteChildren":false,"multicastOnly":false,"unicastOnly":false,"hmiButtonControl":false,"redundancy":{"canExistInRedundantChassis":false}}}]}
{"_id":{"$oid":"65ea558e04eb5726e4c114eb"},"identity":{"productID":[],"cip":{"vendCode":1,"prodType":3,"prodCode":556}},"revisions":[{"identity":{"productID":["cip.type:1.3.556.5"],"vendor":"Rockwell Automation/Allen-Bradley","productType":[],"productName":"E3 Plus 9A-45A Motor Starter via 2100-ENET","catalog":"193/592-EC4D","description":[{"iso6391Locale":"en","value":"E3 Plus 9A-45A Motor Starter via 2100-ENET"},{"iso6391Locale":"fr","value":"E3 Plus 9A-45A Motor Starter via 2100-ENET"},{"iso6391Locale":"de","value":"E3 Plus 9A-45A Motor Starter via 2100-ENET"},{"iso6391Locale":"es","value":"E3 Plus 9A-45A Motor Starter via 2100-ENET"},{"iso6391Locale":"pt","value":"E3 Plus 9A-45A Motor Starter via 2100-ENET"},{"iso6391Locale":"it","value":"E3 Plus 9A-45A Motor Starter via 2100-ENET"},{"iso6391Locale":"ja","value":"E3 Plus 9A-45A Motor Starter via 2100-ENET"},{"iso6391Locale":"ko","value":"E3 Plus 9A-45A Motor Starter via 2100-ENET"},{"iso6391Locale":"zh","value":"E3 Plus 9A-45A Motor Starter via 2100-ENET"}],"majRevSeries":[],"cip":{"vendCode":1,"prodType":3,"prodCode":556,"majRev":5}},"categories":["MotorStarter"],"ports":[{"portID":"1","type":"Ethernet","downStreamOnly":false,"localOnly":false,"width":1,"connectorOffset":0,"noClass1OutRouting":false}],"image":{"ideIcon":{"name":"device-stand-alone-ethernet"}},"ideSupport":{"minIDEVersion":1,"PVCLSID":"{81e11fff-a883-4c09-a274-fbceef42ae93}","PSCLSID":"{848B1A29-B8C1-4333-89EB-80C2EF30BDD9}"},"ioSupport":{"noRemoteChildren":false,"multicastOnly":false,"unicastOnly":false,"hmiButtonControl":false,"redundancy":{"canExistInRedundantChassis":false}}}]}
{"_id":{"$oid":"65ea558e04eb5726e4c114ec"},"identity":{"productID":[],"cip":{"vendCode":1,"prodType":3,"prodCode":562}},"revisions":[{"identity":{"productID":["cip.type:1.3.562.5"],"vendor":"Rockwell Automation/Allen-Bradley","productType":[],"productName":"E3 Plus 9A-5000A Motor Starter via 2100-ENET","catalog":"193/592-EC4Z","description":[{"iso6391Locale":"en","value":"E3 Plus 9A-5000A Motor Starter via 2100-ENET"},{"iso6391Locale":"fr","value":"E3 Plus 9A-5000A Motor Starter via 2100-ENET"},{"iso6391Locale":"de","value":"E3 Plus 9A-5000A Motor Starter via 2100-ENET"},{"iso6391Locale":"es","value":"E3 Plus 9A-5000A Motor Starter via 2100-ENET"},{"iso6391Locale":"pt","value":"E3 Plus 9A-5000A Motor Starter via 2100-ENET"},{"iso6391Locale":"it","value":"E3 Plus 9A-5000A Motor Starter via 2100-ENET"},{"iso6391Locale":"ja","value":"E3 Plus 9A-5000A Motor Starter via 2100-ENET"},{"iso6391Locale":"ko","value":"E3 Plus 9A-5000A Motor Starter via 2100-ENET"},{"iso6391Locale":"zh","value":"E3 Plus 9A-5000A Motor Starter via 2100-ENET"}],"majRevSeries":[],"cip":{"vendCode":1,"prodType":3,"prodCode":562,"majRev":5}},"categories":["MotorStarter"],"ports":[{"portID":"1","type":"Ethernet","downStreamOnly":false,"localOnly":false,"width":1,"connectorOffset":0,"noClass1OutRouting":false}],"image":{"ideIcon":{"name":"device-stand-alone-ethernet"}},"ideSupport":{"minIDEVersion":1,"PVCLSID":"{81e11fff-a883-4c09-a274-fbceef42ae93}","PSCLSID":"{848B1A29-B8C1-4333-89EB-80C2EF30BDD9}"},"ioSupport":{"noRemoteChildren":false,"multicastOnly":false,"unicastOnly":false,"hmiButtonControl":false,"redundancy":{"canExistInRedundantChassis":false}}}]}
{"_id":{"$oid":"65ea558e04eb5726e4c114ed"},"identity":{"productID":[],"cip":{"vendCode":1,"prodType":3,"prodCode":558}},"revisions":[{"identity":{"productID":["cip.type:1.3.558.5"],"vendor":"Rockwell Automation/Allen-Bradley","productType":[],"productName":"E3 Plus 18A-90A Motor Starter via 2100-ENET","catalog":"193/592-EC4E","description":[{"iso6391Locale":"en","value":"E3 Plus 18A-90A Motor Starter via 2100-ENET"},{"iso6391Locale":"fr","value":"E3 Plus 18A-90A Motor Starter via 2100-ENET"},{"iso6391Locale":"de","value":"E3 Plus 18A-90A Motor Starter via 2100-ENET"},{"iso6391Locale":"es","value":"E3 Plus 18A-90A Motor Starter via 2100-ENET"},{"iso6391Locale":"pt","value":"E3 Plus 18A-90A Motor Starter via 2100-ENET"},{"iso6391Locale":"it","value":"E3 Plus 18A-90A Motor Starter via 2100-ENET"},{"iso6391Locale":"ja","value":"E3 Plus 18A-90A Motor Starter via 2100-ENET"},{"iso6391Locale":"ko","value":"E3 Plus 18A-90A Motor Starter via 2100-ENET"},{"iso6391Locale":"zh","value":"E3 Plus 18A-90A Motor Starter via 2100-ENET"}],"majRevSeries":[],"cip":{"vendCode":1,"prodType":3,"prodCode":558,"majRev":5}},"categories":["MotorStarter"],"ports":[{"portID":"1","type":"Ethernet","downStreamOnly":false,"localOnly":false,"width":1,"connectorOffset":0,"noClass1OutRouting":false}],"image":{"ideIcon":{"name":"device-stand-alone-ethernet"}},"ideSupport":{"minIDEVersion":1,"PVCLSID":"{81e11fff-a883-4c09-a274-fbceef42ae93}","PSCLSID":"{848B1A29-B8C1-4333-89EB-80C2EF30BDD9}"},"ioSupport":{"noRemoteChildren":false,"multicastOnly":false,"unicastOnly":false,"hmiButtonControl":false,"redundancy":{"canExistInRedundantChassis":false}}}]}
{"_id":{"$oid":"65ea558e04eb5726e4c114ee"},"identity":{"productID":[],"cip":{"vendCode":1,"prodType":3,"prodCode":574}},"revisions":[{"identity":{"productID":["cip.type:1.3.574.5"],"vendor":"Rockwell Automation/Allen-Bradley","productType":[],"productName":"E3 Plus 0.4A-2A Motor Starter via 2100-ENET","catalog":"193/592-EC5P","description":[{"iso6391Locale":"en","value":"E3 Plus 0.4A-2A Motor Starter via 2100-ENET"},{"iso6391Locale":"fr","value":"E3 Plus 0.4A-2A Motor Starter via 2100-ENET"},{"iso6391Locale":"de","value":"E3 Plus 0.4A-2A Motor Starter via 2100-ENET"},{"iso6391Locale":"es","value":"E3 Plus 0.4A-2A Motor Starter via 2100-ENET"},{"iso6391Locale":"pt","value":"E3 Plus 0.4A-2A Motor Starter via 2100-ENET"},{"iso6391Locale":"it","value":"E3 Plus 0.4A-2A Motor Starter via 2100-ENET"},{"iso6391Locale":"ja","value":"E3 Plus 0.4A-2A Motor Starter via 2100-ENET"},{"iso6391Locale":"ko","value":"E3 Plus 0.4A-2A Motor Starter via 2100-ENET"},{"iso6391Locale":"zh","value":"E3 Plus 0.4A-2A Motor Starter via 2100-ENET"}],"majRevSeries":[],"cip":{"vendCode":1,"prodType":3,"prodCode":574,"majRev":5}},"categories":["MotorStarter"],"ports":[{"portID":"1","type":"Ethernet","downStreamOnly":false,"localOnly":false,"width":1,"connectorOffset":0,"noClass1OutRouting":false}],"image":{"ideIcon":{"name":"device-stand-alone-ethernet"}},"ideSupport":{"minIDEVersion":1,"PVCLSID":"{81e11fff-a883-4c09-a274-fbceef42ae93}","PSCLSID":"{848B1A29-B8C1-4333-89EB-80C2EF30BDD9}"},"ioSupport":{"noRemoteChildren":false,"multicastOnly":false,"unicastOnly":false,"hmiButtonControl":false,"redundancy":{"canExistInRedundantChassis":false}}}]}
{"_id":{"$oid":"65ea558e04eb5726e4c114ef"},"identity":{"productID":[],"cip":{"vendCode":1,"prodType":3,"prodCode":564}},"revisions":[{"identity":{"productID":["cip.type:1.3.564.5"],"vendor":"Rockwell Automation/Allen-Bradley","productType":[],"productName":"E3 Plus 1A-5A Motor Starter via 2100-ENET","catalog":"193/592-EC5A","description":[{"iso6391Locale":"en","value":"E3 Plus 1A-5A Motor Starter via 2100-ENET"},{"iso6391Locale":"fr","value":"E3 Plus 1A-5A Motor Starter via 2100-ENET"},{"iso6391Locale":"de","value":"E3 Plus 1A-5A Motor Starter via 2100-ENET"},{"iso6391Locale":"es","value":"E3 Plus 1A-5A Motor Starter via 2100-ENET"},{"iso6391Locale":"pt","value":"E3 Plus 1A-5A Motor Starter via 2100-ENET"},{"iso6391Locale":"it","value":"E3 Plus 1A-5A Motor Starter via 2100-ENET"},{"iso6391Locale":"ja","value":"E3 Plus 1A-5A Motor Starter via 2100-ENET"},{"iso6391Locale":"ko","value":"E3 Plus 1A-5A Motor Starter via 2100-ENET"},{"iso6391Locale":"zh","value":"E3 Plus 1A-5A Motor Starter via 2100-ENET"}],"majRevSeries":[],"cip":{"vendCode":1,"prodType":3,"prodCode":564,"majRev":5}},"categories":["MotorStarter"],"ports":[{"portID":"1","type":"Ethernet","downStreamOnly":false,"localOnly":false,"width":1,"connectorOffset":0,"noClass1OutRouting":false}],"image":{"ideIcon":{"name":"device-stand-alone-ethernet"}},"ideSupport":{"minIDEVersion":1,"PVCLSID":"{81e11fff-a883-4c09-a274-fbceef42ae93}","PSCLSID":"{848B1A29-B8C1-4333-89EB-80C2EF30BDD9}"},"ioSupport":{"noRemoteChildren":false,"multicastOnly":false,"unicastOnly":false,"hmiButtonControl":false,"redundancy":{"canExistInRedundantChassis":false}}}]}
{"_id":{"$oid":"65ea558e04eb5726e4c114f0"},"identity":{"productID":[],"cip":{"vendCode":1,"prodType":3,"prodCode":566}},"revisions":[{"identity":{"productID":["cip.type:1.3.566.5"],"vendor":"Rockwell Automation/Allen-Bradley","productType":[],"productName":"E3 Plus 3A-15A Motor Starter via 2100-ENET","catalog":"193/592-EC5B","description":[{"iso6391Locale":"en","value":"E3 Plus 3A-15A Motor Starter via 2100-ENET"},{"iso6391Locale":"fr","value":"E3 Plus 3A-15A Motor Starter via 2100-ENET"},{"iso6391Locale":"de","value":"E3 Plus 3A-15A Motor Starter via 2100-ENET"},{"iso6391Locale":"es","value":"E3 Plus 3A-15A Motor Starter via 2100-ENET"},{"iso6391Locale":"pt","value":"E3 Plus 3A-15A Motor Starter via 2100-ENET"},{"iso6391Locale":"it","value":"E3 Plus 3A-15A Motor Starter via 2100-ENET"},{"iso6391Locale":"ja","value":"E3 Plus 3A-15A Motor Starter via 2100-ENET"},{"iso6391Locale":"ko","value":"E3 Plus 3A-15A Motor Starter via 2100-ENET"},{"iso6391Locale":"zh","value":"E3 Plus 3A-15A Motor Starter via 2100-ENET"}],"majRevSeries":[],"cip":{"vendCode":1,"prodType":3,"prodCode":566,"majRev":5}},"categories":["MotorStarter"],"ports":[{"portID":"1","type":"Ethernet","downStreamOnly":false,"localOnly":false,"width":1,"connectorOffset":0,"noClass1OutRouting":false}],"image":{"ideIcon":{"name":"device-stand-alone-ethernet"}},"ideSupport":{"minIDEVersion":1,"PVCLSID":"{81e11fff-a883-4c09-a274-fbceef42ae93}","PSCLSID":"{848B1A29-B8C1-4333-89EB-80C2EF30BDD9}"},"ioSupport":{"noRemoteChildren":false,"multicastOnly":false,"unicastOnly":false,"hmiButtonControl":false,"redundancy":{"canExistInRedundantChassis":false}}}]}
{"_id":{"$oid":"65ea558e04eb5726e4c114f1"},"identity":{"productID":[],"cip":{"vendCode":1,"prodType":3,"prodCode":568}},"revisions":[{"identity":{"productID":["cip.type:1.3.568.5"],"vendor":"Rockwell Automation/Allen-Bradley","productType":[],"productName":"E3 Plus 5A-25A Motor Starter via 2100-ENET","catalog":"193/592-EC5C","description":[{"iso6391Locale":"en","value":"E3 Plus 5A-25A Motor Starter via 2100-ENET"},{"iso6391Locale":"fr","value":"E3 Plus 5A-25A Motor Starter via 2100-ENET"},{"iso6391Locale":"de","value":"E3 Plus 5A-25A Motor Starter via 2100-ENET"},{"iso6391Locale":"es","value":"E3 Plus 5A-25A Motor Starter via 2100-ENET"},{"iso6391Locale":"pt","value":"E3 Plus 5A-25A Motor Starter via 2100-ENET"},{"iso6391Locale":"it","value":"E3 Plus 5A-25A Motor Starter via 2100-ENET"},{"iso6391Locale":"ja","value":"E3 Plus 5A-25A Motor Starter via 2100-ENET"},{"iso6391Locale":"ko","value":"E3 Plus 5A-25A Motor Starter via 2100-ENET"},{"iso6391Locale":"zh","value":"E3 Plus 5A-25A Motor Starter via 2100-ENET"}],"majRevSeries":[],"cip":{"vendCode":1,"prodType":3,"prodCode":568,"majRev":5}},"categories":["MotorStarter"],"ports":[{"portID":"1","type":"Ethernet","downStreamOnly":false,"localOnly":false,"width":1,"connectorOffset":0,"noClass1OutRouting":false}],"image":{"ideIcon":{"name":"device-stand-alone-ethernet"}},"ideSupport":{"minIDEVersion":1,"PVCLSID":"{81e11fff-a883-4c09-a274-fbceef42ae93}","PSCLSID":"{848B1A29-B8C1-4333-89EB-80C2EF30BDD9}"},"ioSupport":{"noRemoteChildren":false,"multicastOnly":false,"unicastOnly":false,"hmiButtonControl":false,"redundancy":{"canExistInRedundantChassis":false}}}]}
{"_id":{"$oid":"65ea558e04eb5726e4c114f2"},"identity":{"productID":[],"cip":{"vendCode":1,"prodType":3,"prodCode":570}},"revisions":[{"identity":{"productID":["cip.type:1.3.570.5"],"vendor":"Rockwell Automation/Allen-Bradley","productType":[],"productName":"E3 Plus 9A-45A Motor Starter via 2100-ENET","catalog":"193/592-EC5D","description":[{"iso6391Locale":"en","value":"E3 Plus 9A-45A Motor Starter via 2100-ENET"},{"iso6391Locale":"fr","value":"E3 Plus 9A-45A Motor Starter via 2100-ENET"},{"iso6391Locale":"de","value":"E3 Plus 9A-45A Motor Starter via 2100-ENET"},{"iso6391Locale":"es","value":"E3 Plus 9A-45A Motor Starter via 2100-ENET"},{"iso6391Locale":"pt","value":"E3 Plus 9A-45A Motor Starter via 2100-ENET"},{"iso6391Locale":"it","value":"E3 Plus 9A-45A Motor Starter via 2100-ENET"},{"iso6391Locale":"ja","value":"E3 Plus 9A-45A Motor Starter via 2100-ENET"},{"iso6391Locale":"ko","value":"E3 Plus 9A-45A Motor Starter via 2100-ENET"},{"iso6391Locale":"zh","value":"E3 Plus 9A-45A Motor Starter via 2100-ENET"}],"majRevSeries":[],"cip":{"vendCode":1,"prodType":3,"prodCode":570,"majRev":5}},"categories":["MotorStarter"],"ports":[{"portID":"1","type":"Ethernet","downStreamOnly":false,"localOnly":false,"width":1,"connectorOffset":0,"noClass1OutRouting":false}],"image":{"ideIcon":{"name":"device-stand-alone-ethernet"}},"ideSupport":{"minIDEVersion":1,"PVCLSID":"{81e11fff-a883-4c09-a274-fbceef42ae93}","PSCLSID":"{848B1A29-B8C1-4333-89EB-80C2EF30BDD9}"},"ioSupport":{"noRemoteChildren":false,"multicastOnly":false,"unicastOnly":false,"hmiButtonControl":false,"redundancy":{"canExistInRedundantChassis":false}}}]}
{"_id":{"$oid":"65ea558e04eb5726e4c114f3"},"identity":{"productID":[],"cip":{"vendCode":1,"prodType":3,"prodCode":576}},"revisions":[{"identity":{"productID":["cip.type:1.3.576.5"],"vendor":"Rockwell Automation/Allen-Bradley","productType":[],"productName":"E3 Plus 9A-5000A Motor Starter via 2100-ENET","catalog":"193/592-EC5Z","description":[{"iso6391Locale":"en","value":"E3 Plus 9A-5000A Motor Starter via 2100-ENET"},{"iso6391Locale":"fr","value":"E3 Plus 9A-5000A Motor Starter via 2100-ENET"},{"iso6391Locale":"de","value":"E3 Plus 9A-5000A Motor Starter via 2100-ENET"},{"iso6391Locale":"es","value":"E3 Plus 9A-5000A Motor Starter via 2100-ENET"},{"iso6391Locale":"pt","value":"E3 Plus 9A-5000A Motor Starter via 2100-ENET"},{"iso6391Locale":"it","value":"E3 Plus 9A-5000A Motor Starter via 2100-ENET"},{"iso6391Locale":"ja","value":"E3 Plus 9A-5000A Motor Starter via 2100-ENET"},{"iso6391Locale":"ko","value":"E3 Plus 9A-5000A Motor Starter via 2100-ENET"},{"iso6391Locale":"zh","value":"E3 Plus 9A-5000A Motor Starter via 2100-ENET"}],"majRevSeries":[],"cip":{"vendCode":1,"prodType":3,"prodCode":576,"majRev":5}},"categories":["MotorStarter"],"ports":[{"portID":"1","type":"Ethernet","downStreamOnly":false,"localOnly":false,"width":1,"connectorOffset":0,"noClass1OutRouting":false}],"image":{"ideIcon":{"name":"device-stand-alone-ethernet"}},"ideSupport":{"minIDEVersion":1,"PVCLSID":"{81e11fff-a883-4c09-a274-fbceef42ae93}","PSCLSID":"{848B1A29-B8C1-4333-89EB-80C2EF30BDD9}"},"ioSupport":{"noRemoteChildren":false,"multicastOnly":false,"unicastOnly":false,"hmiButtonControl":false,"redundancy":{"canExistInRedundantChassis":false}}}]}
{"_id":{"$oid":"65ea558e04eb5726e4c114f4"},"identity":{"productID":[],"cip":{"vendCode":1,"prodType":3,"prodCode":572}},"revisions":[{"identity":{"productID":["cip.type:1.3.572.5"],"vendor":"Rockwell Automation/Allen-Bradley","productType":[],"productName":"E3 Plus 18A-90A Motor Starter via 2100-ENET","catalog":"193/592-EC5E","description":[{"iso6391Locale":"en","value":"E3 Plus 18A-90A Motor Starter via 2100-ENET"},{"iso6391Locale":"fr","value":"E3 Plus 18A-90A Motor Starter via 2100-ENET"},{"iso6391Locale":"de","value":"E3 Plus 18A-90A Motor Starter via 2100-ENET"},{"iso6391Locale":"es","value":"E3 Plus 18A-90A Motor Starter via 2100-ENET"},{"iso6391Locale":"pt","value":"E3 Plus 18A-90A Motor Starter via 2100-ENET"},{"iso6391Locale":"it","value":"E3 Plus 18A-90A Motor Starter via 2100-ENET"},{"iso6391Locale":"ja","value":"E3 Plus 18A-90A Motor Starter via 2100-ENET"},{"iso6391Locale":"ko","value":"E3 Plus 18A-90A Motor Starter via 2100-ENET"},{"iso6391Locale":"zh","value":"E3 Plus 18A-90A Motor Starter via 2100-ENET"}],"majRevSeries":[],"cip":{"vendCode":1,"prodType":3,"prodCode":572,"majRev":5}},"categories":["MotorStarter"],"ports":[{"portID":"1","type":"Ethernet","downStreamOnly":false,"localOnly":false,"width":1,"connectorOffset":0,"noClass1OutRouting":false}],"image":{"ideIcon":{"name":"device-stand-alone-ethernet"}},"ideSupport":{"minIDEVersion":1,"PVCLSID":"{81e11fff-a883-4c09-a274-fbceef42ae93}","PSCLSID":"{848B1A29-B8C1-4333-89EB-80C2EF30BDD9}"},"ioSupport":{"noRemoteChildren":false,"multicastOnly":false,"unicastOnly":false,"hmiButtonControl":false,"redundancy":{"canExistInRedundantChassis":false}}}]}
{"_id":{"$oid":"65ea558e04eb5726e4c114f5"},"identity":{"productID":[],"cip":{"vendCode":1,"prodType":127,"prodCode":41}},"revisions":[{"identity":{"productID":["cip.type:1.127.41.8"],"vendor":"Rockwell Automation/Allen-Bradley","productType":[],"productName":"PowerFlex 400-E","catalog":"PowerFlex 400-E","description":[{"iso6391Locale":"en","value":"AC Drive via 22-COMM-E"},{"iso6391Locale":"fr","value":"Variateur CA via 22-COMM-E"},{"iso6391Locale":"it","value":"Unità CA via 22-COMM-E"},{"iso6391Locale":"ja","value":"22-COMM-E 経由の AC ドライブ"},{"iso6391Locale":"ko","value":"22-COMM-E로 통하는 AC 드라이브"},{"iso6391Locale":"zh","value":"AC 驱动器（通过 22-COMM-E）"},{"iso6391Locale":"de","value":"AC-Antrieb über 22-COMM-E"},{"iso6391Locale":"es","value":"Unidad CA a través de 22-COMM-E"},{"iso6391Locale":"pt","value":"Inversor CA via 22-COMM-E"}],"majRevSeries":[],"cip":{"vendCode":1,"prodType":127,"prodCode":41,"majRev":8}},"categories":["Drive"],"ports":[{"portID":"2","type":"Ethernet","downStreamOnly":false,"localOnly":false,"label":"ENet","width":1,"connectorOffset":0,"noClass1OutRouting":false}],"image":{"ideIcon":{"name":"drives"}},"ideSupport":{"minIDEVersion":1,"PVCLSID":"{81e11fff-a883-4c09-a274-fbceef42ae93}","PSCLSID":"{848B1A29-B8C1-4333-89EB-80C2EF30BDD9}"},"ioSupport":{"noRemoteChildren":false,"multicastOnly":false,"unicastOnly":false,"hmiButtonControl":false,"redundancy":{"canExistInRedundantChassis":false},"aggregation":{"neoObjectSupported":{"objectSupported":false},"neoAggregationTarget":{"target":false},"bankMaster":{"bankMaster":false},"childBankMasterValidation":{"childBankMasterValidation":false}}}},{"identity":{"productID":["cip.type:1.127.41.7"],"vendor":"Rockwell Automation/Allen-Bradley","productType":[],"productName":"PowerFlex 400-E","catalog":"PowerFlex 400-E","description":[{"iso6391Locale":"en","value":"AC Drive via 22-COMM-E"},{"iso6391Locale":"fr","value":"Variateur CA via 22-COMM-E"},{"iso6391Locale":"it","value":"Unità CA via 22-COMM-E"},{"iso6391Locale":"ja","value":"22-COMM-E 経由の AC ドライブ"},{"iso6391Locale":"ko","value":"22-COMM-E로 통하는 AC 드라이브"},{"iso6391Locale":"zh","value":"AC 驱动器（通过 22-COMM-E）"},{"iso6391Locale":"de","value":"AC-Antrieb über 22-COMM-E"},{"iso6391Locale":"es","value":"Unidad CA a través de 22-COMM-E"},{"iso6391Locale":"pt","value":"Inversor CA via 22-COMM-E"}],"majRevSeries":[],"cip":{"majRev":7,"vendCode":1,"prodType":127,"prodCode":41}},"categories":["Drive"],"ports":[{"portID":"2","type":"Ethernet","downStreamOnly":false,"localOnly":false,"label":"ENet","width":1,"connectorOffset":0,"noClass1OutRouting":false}],"image":{"ideIcon":{"name":"drives"}},"ideSupport":{"minIDEVersion":1,"PVCLSID":"{81e11fff-a883-4c09-a274-fbceef42ae93}","PSCLSID":"{848B1A29-B8C1-4333-89EB-80C2EF30BDD9}"},"ioSupport":{"noRemoteChildren":false,"multicastOnly":false,"unicastOnly":false,"hmiButtonControl":false,"redundancy":{"canExistInRedundantChassis":false},"aggregation":{"neoObjectSupported":{"objectSupported":false},"neoAggregationTarget":{"target":false},"bankMaster":{"bankMaster":false},"childBankMasterValidation":{"childBankMasterValidation":false}}}},{"identity":{"productID":["cip.type:1.127.41.6"],"vendor":"Rockwell Automation/Allen-Bradley","productType":[],"productName":"PowerFlex 400-E","catalog":"PowerFlex 400-E","description":[{"iso6391Locale":"en","value":"AC Drive via 22-COMM-E"},{"iso6391Locale":"fr","value":"Variateur CA via 22-COMM-E"},{"iso6391Locale":"it","value":"Unità CA via 22-COMM-E"},{"iso6391Locale":"ja","value":"22-COMM-E 経由の AC ドライブ"},{"iso6391Locale":"ko","value":"22-COMM-E로 통하는 AC 드라이브"},{"iso6391Locale":"zh","value":"AC 驱动器（通过 22-COMM-E）"},{"iso6391Locale":"de","value":"AC-Antrieb über 22-COMM-E"},{"iso6391Locale":"es","value":"Unidad CA a través de 22-COMM-E"},{"iso6391Locale":"pt","value":"Inversor CA via 22-COMM-E"}],"majRevSeries":[],"cip":{"majRev":6,"vendCode":1,"prodType":127,"prodCode":41}},"categories":["Drive"],"ports":[{"portID":"2","type":"Ethernet","downStreamOnly":false,"localOnly":false,"label":"ENet","width":1,"connectorOffset":0,"noClass1OutRouting":false}],"image":{"ideIcon":{"name":"drives"}},"ideSupport":{"minIDEVersion":1,"PVCLSID":"{81e11fff-a883-4c09-a274-fbceef42ae93}","PSCLSID":"{848B1A29-B8C1-4333-89EB-80C2EF30BDD9}"},"ioSupport":{"noRemoteChildren":false,"multicastOnly":false,"unicastOnly":false,"hmiButtonControl":false,"redundancy":{"canExistInRedundantChassis":false},"aggregation":{"neoObjectSupported":{"objectSupported":false},"neoAggregationTarget":{"target":false},"bankMaster":{"bankMaster":false},"childBankMasterValidation":{"childBankMasterValidation":false}}}},{"identity":{"productID":["cip.type:1.127.41.5"],"vendor":"Rockwell Automation/Allen-Bradley","productType":[],"productName":"PowerFlex 400-E","catalog":"PowerFlex 400-E","description":[{"iso6391Locale":"en","value":"AC Drive via 22-COMM-E"},{"iso6391Locale":"fr","value":"Variateur CA via 22-COMM-E"},{"iso6391Locale":"it","value":"Unità CA via 22-COMM-E"},{"iso6391Locale":"ja","value":"22-COMM-E 経由の AC ドライブ"},{"iso6391Locale":"ko","value":"22-COMM-E로 통하는 AC 드라이브"},{"iso6391Locale":"zh","value":"AC 驱动器（通过 22-COMM-E）"},{"iso6391Locale":"de","value":"AC-Antrieb über 22-COMM-E"},{"iso6391Locale":"es","value":"Unidad CA a través de 22-COMM-E"},{"iso6391Locale":"pt","value":"Inversor CA via 22-COMM-E"}],"majRevSeries":[],"cip":{"majRev":5,"vendCode":1,"prodType":127,"prodCode":41}},"categories":["Drive"],"ports":[{"portID":"2","type":"Ethernet","downStreamOnly":false,"localOnly":false,"label":"ENet","width":1,"connectorOffset":0,"noClass1OutRouting":false}],"image":{"ideIcon":{"name":"drives"}},"ideSupport":{"minIDEVersion":1,"PVCLSID":"{81e11fff-a883-4c09-a274-fbceef42ae93}","PSCLSID":"{848B1A29-B8C1-4333-89EB-80C2EF30BDD9}"},"ioSupport":{"noRemoteChildren":false,"multicastOnly":false,"unicastOnly":false,"hmiButtonControl":false,"redundancy":{"canExistInRedundantChassis":false},"aggregation":{"neoObjectSupported":{"objectSupported":false},"neoAggregationTarget":{"target":false},"bankMaster":{"bankMaster":false},"childBankMasterValidation":{"childBankMasterValidation":false}}}},{"identity":{"productID":["cip.type:1.127.41.4"],"vendor":"Rockwell Automation/Allen-Bradley","productType":[],"productName":"PowerFlex 400-E","catalog":"PowerFlex 400-E","description":[{"iso6391Locale":"en","value":"AC Drive via 22-COMM-E"},{"iso6391Locale":"fr","value":"Variateur CA via 22-COMM-E"},{"iso6391Locale":"it","value":"Unità CA via 22-COMM-E"},{"iso6391Locale":"ja","value":"22-COMM-E 経由の AC ドライブ"},{"iso6391Locale":"ko","value":"22-COMM-E로 통하는 AC 드라이브"},{"iso6391Locale":"zh","value":"AC 驱动器（通过 22-COMM-E）"},{"iso6391Locale":"de","value":"AC-Antrieb über 22-COMM-E"},{"iso6391Locale":"es","value":"Unidad CA a través de 22-COMM-E"},{"iso6391Locale":"pt","value":"Inversor CA via 22-COMM-E"}],"majRevSeries":[],"cip":{"majRev":4,"vendCode":1,"prodType":127,"prodCode":41}},"categories":["Drive"],"ports":[{"portID":"2","type":"Ethernet","downStreamOnly":false,"localOnly":false,"label":"ENet","width":1,"connectorOffset":0,"noClass1OutRouting":false}],"image":{"ideIcon":{"name":"drives"}},"ideSupport":{"minIDEVersion":1,"PVCLSID":"{81e11fff-a883-4c09-a274-fbceef42ae93}","PSCLSID":"{848B1A29-B8C1-4333-89EB-80C2EF30BDD9}"},"ioSupport":{"noRemoteChildren":false,"multicastOnly":false,"unicastOnly":false,"hmiButtonControl":false,"redundancy":{"canExistInRedundantChassis":false},"aggregation":{"neoObjectSupported":{"objectSupported":false},"neoAggregationTarget":{"target":false},"bankMaster":{"bankMaster":false},"childBankMasterValidation":{"childBankMasterValidation":false}}}},{"identity":{"productID":["cip.type:1.127.41.3"],"vendor":"Rockwell Automation/Allen-Bradley","productType":[],"productName":"PowerFlex 400-E","catalog":"PowerFlex 400-E","description":[{"iso6391Locale":"en","value":"AC Drive via 22-COMM-E"},{"iso6391Locale":"fr","value":"Variateur CA via 22-COMM-E"},{"iso6391Locale":"it","value":"Unità CA via 22-COMM-E"},{"iso6391Locale":"ja","value":"22-COMM-E 経由の AC ドライブ"},{"iso6391Locale":"ko","value":"22-COMM-E로 통하는 AC 드라이브"},{"iso6391Locale":"zh","value":"AC 驱动器（通过 22-COMM-E）"},{"iso6391Locale":"de","value":"AC-Antrieb über 22-COMM-E"},{"iso6391Locale":"es","value":"Unidad CA a través de 22-COMM-E"},{"iso6391Locale":"pt","value":"Inversor CA via 22-COMM-E"}],"majRevSeries":[],"cip":{"majRev":3,"vendCode":1,"prodType":127,"prodCode":41}},"categories":["Drive"],"ports":[{"portID":"2","type":"Ethernet","downStreamOnly":false,"localOnly":false,"label":"ENet","width":1,"connectorOffset":0,"noClass1OutRouting":false}],"image":{"ideIcon":{"name":"drives"}},"ideSupport":{"minIDEVersion":1,"PVCLSID":"{81e11fff-a883-4c09-a274-fbceef42ae93}","PSCLSID":"{848B1A29-B8C1-4333-89EB-80C2EF30BDD9}"},"ioSupport":{"noRemoteChildren":false,"multicastOnly":false,"unicastOnly":false,"hmiButtonControl":false,"redundancy":{"canExistInRedundantChassis":false},"aggregation":{"neoObjectSupported":{"objectSupported":false},"neoAggregationTarget":{"target":false},"bankMaster":{"bankMaster":false},"childBankMasterValidation":{"childBankMasterValidation":false}}}},{"identity":{"productID":["cip.type:1.127.41.1"],"vendor":"Rockwell Automation/Allen-Bradley","productType":[],"productName":"PowerFlex 400-E","catalog":"PowerFlex 400-E","description":[{"iso6391Locale":"en","value":"AC Drive via 22-COMM-E"},{"iso6391Locale":"fr","value":"Variateur CA via 22-COMM-E"},{"iso6391Locale":"it","value":"Unità CA via 22-COMM-E"},{"iso6391Locale":"ja","value":"22-COMM-E 経由の AC ドライブ"},{"iso6391Locale":"ko","value":"22-COMM-E로 통하는 AC 드라이브"},{"iso6391Locale":"zh","value":"AC 驱动器（通过 22-COMM-E）"},{"iso6391Locale":"de","value":"AC-Antrieb über 22-COMM-E"},{"iso6391Locale":"es","value":"Unidad CA a través de 22-COMM-E"},{"iso6391Locale":"pt","value":"Inversor CA via 22-COMM-E"}],"majRevSeries":[],"cip":{"majRev":1,"vendCode":1,"prodType":127,"prodCode":41}},"categories":["Drive"],"ports":[{"portID":"2","type":"Ethernet","downStreamOnly":false,"localOnly":false,"label":"ENet","width":1,"connectorOffset":0,"noClass1OutRouting":false}],"image":{"ideIcon":{"name":"drives"}},"ideSupport":{"minIDEVersion":1,"PVCLSID":"{81e11fff-a883-4c09-a274-fbceef42ae93}","PSCLSID":"{848B1A29-B8C1-4333-89EB-80C2EF30BDD9}"},"ioSupport":{"noRemoteChildren":false,"multicastOnly":false,"unicastOnly":false,"hmiButtonControl":false,"redundancy":{"canExistInRedundantChassis":false},"aggregation":{"neoObjectSupported":{"objectSupported":false},"neoAggregationTarget":{"target":false},"bankMaster":{"bankMaster":false},"childBankMasterValidation":{"childBankMasterValidation":false}}}}]}
{"_id":{"$oid":"65ea558e04eb5726e4c114f6"},"identity":{"productID":[],"cip":{"vendCode":1,"prodType":127,"prodCode":130}},"revisions":[{"identity":{"productID":["cip.type:1.127.130.4"],"vendor":"Rockwell Automation/Allen-Bradley","productType":[],"productName":"PowerFlex 400P-E","catalog":"PowerFlex 400P-E","description":[{"iso6391Locale":"en","value":"AC Drive via 22-COMM-E"},{"iso6391Locale":"fr","value":"Variateur CA via 22-COMM-E"},{"iso6391Locale":"it","value":"Unità CA via 22-COMM-E"},{"iso6391Locale":"ja","value":"22-COMM-E 経由の AC ドライブ"},{"iso6391Locale":"ko","value":"22-COMM-E로 통하는 AC 드라이브"},{"iso6391Locale":"zh","value":"AC 驱动器（通过 22-COMM-E）"},{"iso6391Locale":"de","value":"AC-Antrieb über 22-COMM-E"},{"iso6391Locale":"es","value":"Unidad CA a través de 22-COMM-E"},{"iso6391Locale":"pt","value":"Inversor CA via 22-COMM-E"}],"majRevSeries":[],"cip":{"vendCode":1,"prodType":127,"prodCode":130,"majRev":4}},"categories":["Drive"],"ports":[{"portID":"2","type":"Ethernet","downStreamOnly":false,"localOnly":false,"label":"ENet","width":1,"connectorOffset":0,"noClass1OutRouting":false}],"image":{"ideIcon":{"name":"drives"}},"ideSupport":{"minIDEVersion":1,"PVCLSID":"{81e11fff-a883-4c09-a274-fbceef42ae93}","PSCLSID":"{848B1A29-B8C1-4333-89EB-80C2EF30BDD9}"},"ioSupport":{"noRemoteChildren":false,"multicastOnly":false,"unicastOnly":false,"hmiButtonControl":false,"redundancy":{"canExistInRedundantChassis":false},"aggregation":{"neoObjectSupported":{"objectSupported":false},"neoAggregationTarget":{"target":false},"bankMaster":{"bankMaster":false},"childBankMasterValidation":{"childBankMasterValidation":false}}}},{"identity":{"productID":["cip.type:1.127.130.3"],"vendor":"Rockwell Automation/Allen-Bradley","productType":[],"productName":"PowerFlex 400P-E","catalog":"PowerFlex 400P-E","description":[{"iso6391Locale":"en","value":"AC Drive via 22-COMM-E"},{"iso6391Locale":"fr","value":"Variateur CA via 22-COMM-E"},{"iso6391Locale":"it","value":"Unità CA via 22-COMM-E"},{"iso6391Locale":"ja","value":"22-COMM-E 経由の AC ドライブ"},{"iso6391Locale":"ko","value":"22-COMM-E로 통하는 AC 드라이브"},{"iso6391Locale":"zh","value":"AC 驱动器（通过 22-COMM-E）"},{"iso6391Locale":"de","value":"AC-Antrieb über 22-COMM-E"},{"iso6391Locale":"es","value":"Unidad CA a través de 22-COMM-E"},{"iso6391Locale":"pt","value":"Inversor CA via 22-COMM-E"}],"majRevSeries":[],"cip":{"majRev":3,"vendCode":1,"prodType":127,"prodCode":130}},"categories":["Drive"],"ports":[{"portID":"2","type":"Ethernet","downStreamOnly":false,"localOnly":false,"label":"ENet","width":1,"connectorOffset":0,"noClass1OutRouting":false}],"image":{"ideIcon":{"name":"drives"}},"ideSupport":{"minIDEVersion":1,"PVCLSID":"{81e11fff-a883-4c09-a274-fbceef42ae93}","PSCLSID":"{848B1A29-B8C1-4333-89EB-80C2EF30BDD9}"},"ioSupport":{"noRemoteChildren":false,"multicastOnly":false,"unicastOnly":false,"hmiButtonControl":false,"redundancy":{"canExistInRedundantChassis":false},"aggregation":{"neoObjectSupported":{"objectSupported":false},"neoAggregationTarget":{"target":false},"bankMaster":{"bankMaster":false},"childBankMasterValidation":{"childBankMasterValidation":false}}}},{"identity":{"productID":["cip.type:1.127.130.1"],"vendor":"Rockwell Automation/Allen-Bradley","productType":[],"productName":"PowerFlex 400P-E","catalog":"PowerFlex 400P-E","description":[{"iso6391Locale":"en","value":"AC Drive via 22-COMM-E"},{"iso6391Locale":"fr","value":"Variateur CA via 22-COMM-E"},{"iso6391Locale":"it","value":"Unità CA via 22-COMM-E"},{"iso6391Locale":"ja","value":"22-COMM-E 経由の AC ドライブ"},{"iso6391Locale":"ko","value":"22-COMM-E로 통하는 AC 드라이브"},{"iso6391Locale":"zh","value":"AC 驱动器（通过 22-COMM-E）"},{"iso6391Locale":"de","value":"AC-Antrieb über 22-COMM-E"},{"iso6391Locale":"es","value":"Unidad CA a través de 22-COMM-E"},{"iso6391Locale":"pt","value":"Inversor CA via 22-COMM-E"}],"majRevSeries":[],"cip":{"majRev":1,"vendCode":1,"prodType":127,"prodCode":130}},"categories":["Drive"],"ports":[{"portID":"2","type":"Ethernet","downStreamOnly":false,"localOnly":false,"label":"ENet","width":1,"connectorOffset":0,"noClass1OutRouting":false}],"image":{"ideIcon":{"name":"drives"}},"ideSupport":{"minIDEVersion":1,"PVCLSID":"{81e11fff-a883-4c09-a274-fbceef42ae93}","PSCLSID":"{848B1A29-B8C1-4333-89EB-80C2EF30BDD9}"},"ioSupport":{"noRemoteChildren":false,"multicastOnly":false,"unicastOnly":false,"hmiButtonControl":false,"redundancy":{"canExistInRedundantChassis":false},"aggregation":{"neoObjectSupported":{"objectSupported":false},"neoAggregationTarget":{"target":false},"bankMaster":{"bankMaster":false},"childBankMasterValidation":{"childBankMasterValidation":false}}}}]}
{"_id":{"$oid":"65ea558e04eb5726e4c114f7"},"identity":{"productID":[],"cip":{"vendCode":1,"prodType":127,"prodCode":40}},"revisions":[{"identity":{"productID":["cip.type:1.127.40.7"],"vendor":"Rockwell Automation/Allen-Bradley","productType":[],"productName":"PowerFlex 40-E","catalog":"PowerFlex 40-E","description":[{"iso6391Locale":"en","value":"AC Drive via 22-COMM-E"},{"iso6391Locale":"fr","value":"Variateur CA via 22-COMM-E"},{"iso6391Locale":"it","value":"Unità CA via 22-COMM-E"},{"iso6391Locale":"ja","value":"22-COMM-E 経由の AC ドライブ"},{"iso6391Locale":"ko","value":"22-COMM-E로 통하는 AC 드라이브"},{"iso6391Locale":"zh","value":"AC 驱动器（通过 22-COMM-E）"},{"iso6391Locale":"de","value":"AC-Antrieb über 22-COMM-E"},{"iso6391Locale":"es","value":"Unidad CA a través de 22-COMM-E"},{"iso6391Locale":"pt","value":"Inversor CA via 22-COMM-E"}],"majRevSeries":[],"cip":{"vendCode":1,"prodType":127,"prodCode":40,"majRev":7}},"categories":["Drive"],"ports":[{"portID":"2","type":"Ethernet","downStreamOnly":false,"localOnly":false,"label":"ENet","width":1,"connectorOffset":0,"noClass1OutRouting":false}],"image":{"ideIcon":{"name":"drives"}},"ideSupport":{"minIDEVersion":1,"PVCLSID":"{81e11fff-a883-4c09-a274-fbceef42ae93}","PSCLSID":"{848B1A29-B8C1-4333-89EB-80C2EF30BDD9}"},"ioSupport":{"noRemoteChildren":false,"multicastOnly":false,"unicastOnly":false,"hmiButtonControl":false,"redundancy":{"canExistInRedundantChassis":false},"aggregation":{"neoObjectSupported":{"objectSupported":false},"neoAggregationTarget":{"target":false},"bankMaster":{"bankMaster":false},"childBankMasterValidation":{"childBankMasterValidation":false}}}},{"identity":{"productID":["cip.type:1.127.40.6"],"vendor":"Rockwell Automation/Allen-Bradley","productType":[],"productName":"PowerFlex 40-E","catalog":"PowerFlex 40-E","description":[{"iso6391Locale":"en","value":"AC Drive via 22-COMM-E"},{"iso6391Locale":"fr","value":"Variateur CA via 22-COMM-E"},{"iso6391Locale":"it","value":"Unità CA via 22-COMM-E"},{"iso6391Locale":"ja","value":"22-COMM-E 経由の AC ドライブ"},{"iso6391Locale":"ko","value":"22-COMM-E로 통하는 AC 드라이브"},{"iso6391Locale":"zh","value":"AC 驱动器（通过 22-COMM-E）"},{"iso6391Locale":"de","value":"AC-Antrieb über 22-COMM-E"},{"iso6391Locale":"es","value":"Unidad CA a través de 22-COMM-E"},{"iso6391Locale":"pt","value":"Inversor CA via 22-COMM-E"}],"majRevSeries":[],"cip":{"majRev":6,"vendCode":1,"prodType":127,"prodCode":40}},"categories":["Drive"],"ports":[{"portID":"2","type":"Ethernet","downStreamOnly":false,"localOnly":false,"label":"ENet","width":1,"connectorOffset":0,"noClass1OutRouting":false}],"image":{"ideIcon":{"name":"drives"}},"ideSupport":{"minIDEVersion":1,"PVCLSID":"{81e11fff-a883-4c09-a274-fbceef42ae93}","PSCLSID":"{848B1A29-B8C1-4333-89EB-80C2EF30BDD9}"},"ioSupport":{"noRemoteChildren":false,"multicastOnly":false,"unicastOnly":false,"hmiButtonControl":false,"redundancy":{"canExistInRedundantChassis":false},"aggregation":{"neoObjectSupported":{"objectSupported":false},"neoAggregationTarget":{"target":false},"bankMaster":{"bankMaster":false},"childBankMasterValidation":{"childBankMasterValidation":false}}}},{"identity":{"productID":["cip.type:1.127.40.5"],"vendor":"Rockwell Automation/Allen-Bradley","productType":[],"productName":"PowerFlex 40-E","catalog":"PowerFlex 40-E","description":[{"iso6391Locale":"en","value":"AC Drive via 22-COMM-E"},{"iso6391Locale":"fr","value":"Variateur CA via 22-COMM-E"},{"iso6391Locale":"it","value":"Unità CA via 22-COMM-E"},{"iso6391Locale":"ja","value":"22-COMM-E 経由の AC ドライブ"},{"iso6391Locale":"ko","value":"22-COMM-E로 통하는 AC 드라이브"},{"iso6391Locale":"zh","value":"AC 驱动器（通过 22-COMM-E）"},{"iso6391Locale":"de","value":"AC-Antrieb über 22-COMM-E"},{"iso6391Locale":"es","value":"Unidad CA a través de 22-COMM-E"},{"iso6391Locale":"pt","value":"Inversor CA via 22-COMM-E"}],"majRevSeries":[],"cip":{"majRev":5,"vendCode":1,"prodType":127,"prodCode":40}},"categories":["Drive"],"ports":[{"portID":"2","type":"Ethernet","downStreamOnly":false,"localOnly":false,"label":"ENet","width":1,"connectorOffset":0,"noClass1OutRouting":false}],"image":{"ideIcon":{"name":"drives"}},"ideSupport":{"minIDEVersion":1,"PVCLSID":"{81e11fff-a883-4c09-a274-fbceef42ae93}","PSCLSID":"{848B1A29-B8C1-4333-89EB-80C2EF30BDD9}"},"ioSupport":{"noRemoteChildren":false,"multicastOnly":false,"unicastOnly":false,"hmiButtonControl":false,"redundancy":{"canExistInRedundantChassis":false},"aggregation":{"neoObjectSupported":{"objectSupported":false},"neoAggregationTarget":{"target":false},"bankMaster":{"bankMaster":false},"childBankMasterValidation":{"childBankMasterValidation":false}}}},{"identity":{"productID":["cip.type:1.127.40.4"],"vendor":"Rockwell Automation/Allen-Bradley","productType":[],"productName":"PowerFlex 40-E","catalog":"PowerFlex 40-E","description":[{"iso6391Locale":"en","value":"AC Drive via 22-COMM-E"},{"iso6391Locale":"fr","value":"Variateur CA via 22-COMM-E"},{"iso6391Locale":"it","value":"Unità CA via 22-COMM-E"},{"iso6391Locale":"ja","value":"22-COMM-E 経由の AC ドライブ"},{"iso6391Locale":"ko","value":"22-COMM-E로 통하는 AC 드라이브"},{"iso6391Locale":"zh","value":"AC 驱动器（通过 22-COMM-E）"},{"iso6391Locale":"de","value":"AC-Antrieb über 22-COMM-E"},{"iso6391Locale":"es","value":"Unidad CA a través de 22-COMM-E"},{"iso6391Locale":"pt","value":"Inversor CA via 22-COMM-E"}],"majRevSeries":[],"cip":{"majRev":4,"vendCode":1,"prodType":127,"prodCode":40}},"categories":["Drive"],"ports":[{"portID":"2","type":"Ethernet","downStreamOnly":false,"localOnly":false,"label":"ENet","width":1,"connectorOffset":0,"noClass1OutRouting":false}],"image":{"ideIcon":{"name":"drives"}},"ideSupport":{"minIDEVersion":1,"PVCLSID":"{81e11fff-a883-4c09-a274-fbceef42ae93}","PSCLSID":"{848B1A29-B8C1-4333-89EB-80C2EF30BDD9}"},"ioSupport":{"noRemoteChildren":false,"multicastOnly":false,"unicastOnly":false,"hmiButtonControl":false,"redundancy":{"canExistInRedundantChassis":false},"aggregation":{"neoObjectSupported":{"objectSupported":false},"neoAggregationTarget":{"target":false},"bankMaster":{"bankMaster":false},"childBankMasterValidation":{"childBankMasterValidation":false}}}},{"identity":{"productID":["cip.type:1.127.40.3"],"vendor":"Rockwell Automation/Allen-Bradley","productType":[],"productName":"PowerFlex 40-E","catalog":"PowerFlex 40-E","description":[{"iso6391Locale":"en","value":"AC Drive via 22-COMM-E"},{"iso6391Locale":"fr","value":"Variateur CA via 22-COMM-E"},{"iso6391Locale":"it","value":"Unità CA via 22-COMM-E"},{"iso6391Locale":"ja","value":"22-COMM-E 経由の AC ドライブ"},{"iso6391Locale":"ko","value":"22-COMM-E로 통하는 AC 드라이브"},{"iso6391Locale":"zh","value":"AC 驱动器（通过 22-COMM-E）"},{"iso6391Locale":"de","value":"AC-Antrieb über 22-COMM-E"},{"iso6391Locale":"es","value":"Unidad CA a través de 22-COMM-E"},{"iso6391Locale":"pt","value":"Inversor CA via 22-COMM-E"}],"majRevSeries":[],"cip":{"majRev":3,"vendCode":1,"prodType":127,"prodCode":40}},"categories":["Drive"],"ports":[{"portID":"2","type":"Ethernet","downStreamOnly":false,"localOnly":false,"label":"ENet","width":1,"connectorOffset":0,"noClass1OutRouting":false}],"image":{"ideIcon":{"name":"drives"}},"ideSupport":{"minIDEVersion":1,"PVCLSID":"{81e11fff-a883-4c09-a274-fbceef42ae93}","PSCLSID":"{848B1A29-B8C1-4333-89EB-80C2EF30BDD9}"},"ioSupport":{"noRemoteChildren":false,"multicastOnly":false,"unicastOnly":false,"hmiButtonControl":false,"redundancy":{"canExistInRedundantChassis":false},"aggregation":{"neoObjectSupported":{"objectSupported":false},"neoAggregationTarget":{"target":false},"bankMaster":{"bankMaster":false},"childBankMasterValidation":{"childBankMasterValidation":false}}}},{"identity":{"productID":["cip.type:1.127.40.2"],"vendor":"Rockwell Automation/Allen-Bradley","productType":[],"productName":"PowerFlex 40-E","catalog":"PowerFlex 40-E","description":[{"iso6391Locale":"en","value":"AC Drive via 22-COMM-E"},{"iso6391Locale":"fr","value":"Variateur CA via 22-COMM-E"},{"iso6391Locale":"it","value":"Unità CA via 22-COMM-E"},{"iso6391Locale":"ja","value":"22-COMM-E 経由の AC ドライブ"},{"iso6391Locale":"ko","value":"22-COMM-E로 통하는 AC 드라이브"},{"iso6391Locale":"zh","value":"AC 驱动器（通过 22-COMM-E）"},{"iso6391Locale":"de","value":"AC-Antrieb über 22-COMM-E"},{"iso6391Locale":"es","value":"Unidad CA a través de 22-COMM-E"},{"iso6391Locale":"pt","value":"Inversor CA via 22-COMM-E"}],"majRevSeries":[],"cip":{"majRev":2,"vendCode":1,"prodType":127,"prodCode":40}},"categories":["Drive"],"ports":[{"portID":"2","type":"Ethernet","downStreamOnly":false,"localOnly":false,"label":"ENet","width":1,"connectorOffset":0,"noClass1OutRouting":false}],"image":{"ideIcon":{"name":"drives"}},"ideSupport":{"minIDEVersion":1,"PVCLSID":"{81e11fff-a883-4c09-a274-fbceef42ae93}","PSCLSID":"{848B1A29-B8C1-4333-89EB-80C2EF30BDD9}"},"ioSupport":{"noRemoteChildren":false,"multicastOnly":false,"unicastOnly":false,"hmiButtonControl":false,"redundancy":{"canExistInRedundantChassis":false},"aggregation":{"neoObjectSupported":{"objectSupported":false},"neoAggregationTarget":{"target":false},"bankMaster":{"bankMaster":false},"childBankMasterValidation":{"childBankMasterValidation":false}}}},{"identity":{"productID":["cip.type:1.127.40.1"],"vendor":"Rockwell Automation/Allen-Bradley","productType":[],"productName":"PowerFlex 40-E","catalog":"PowerFlex 40-E","description":[{"iso6391Locale":"en","value":"AC Drive via 22-COMM-E"},{"iso6391Locale":"fr","value":"Variateur CA via 22-COMM-E"},{"iso6391Locale":"it","value":"Unità CA via 22-COMM-E"},{"iso6391Locale":"ja","value":"22-COMM-E 経由の AC ドライブ"},{"iso6391Locale":"ko","value":"22-COMM-E로 통하는 AC 드라이브"},{"iso6391Locale":"zh","value":"AC 驱动器（通过 22-COMM-E）"},{"iso6391Locale":"de","value":"AC-Antrieb über 22-COMM-E"},{"iso6391Locale":"es","value":"Unidad CA a través de 22-COMM-E"},{"iso6391Locale":"pt","value":"Inversor CA via 22-COMM-E"}],"majRevSeries":[],"cip":{"majRev":1,"vendCode":1,"prodType":127,"prodCode":40}},"categories":["Drive"],"ports":[{"portID":"2","type":"Ethernet","downStreamOnly":false,"localOnly":false,"label":"ENet","width":1,"connectorOffset":0,"noClass1OutRouting":false}],"image":{"ideIcon":{"name":"drives"}},"ideSupport":{"minIDEVersion":1,"PVCLSID":"{81e11fff-a883-4c09-a274-fbceef42ae93}","PSCLSID":"{848B1A29-B8C1-4333-89EB-80C2EF30BDD9}"},"ioSupport":{"noRemoteChildren":false,"multicastOnly":false,"unicastOnly":false,"hmiButtonControl":false,"redundancy":{"canExistInRedundantChassis":false},"aggregation":{"neoObjectSupported":{"objectSupported":false},"neoAggregationTarget":{"target":false},"bankMaster":{"bankMaster":false},"childBankMasterValidation":{"childBankMasterValidation":false}}}}]}
{"_id":{"$oid":"65ea558e04eb5726e4c114f8"},"identity":{"productID":[],"cip":{"vendCode":1,"prodType":127,"prodCode":129}},"revisions":[{"identity":{"productID":["cip.type:1.127.129.3"],"vendor":"Rockwell Automation/Allen-Bradley","productType":[],"productName":"PowerFlex 40P-E","catalog":"PowerFlex 40P-E","description":[{"iso6391Locale":"en","value":"AC Drive via 22-COMM-E"},{"iso6391Locale":"fr","value":"Variateur CA via 22-COMM-E"},{"iso6391Locale":"it","value":"Unità CA via 22-COMM-E"},{"iso6391Locale":"ja","value":"22-COMM-E 経由の AC ドライブ"},{"iso6391Locale":"ko","value":"22-COMM-E로 통하는 AC 드라이브"},{"iso6391Locale":"zh","value":"AC 驱动器（通过 22-COMM-E）"},{"iso6391Locale":"de","value":"AC-Antrieb über 22-COMM-E"},{"iso6391Locale":"es","value":"Unidad CA a través de 22-COMM-E"},{"iso6391Locale":"pt","value":"Inversor CA via 22-COMM-E"}],"majRevSeries":[],"cip":{"vendCode":1,"prodType":127,"prodCode":129,"majRev":3}},"categories":["Drive"],"ports":[{"portID":"2","type":"Ethernet","downStreamOnly":false,"localOnly":false,"label":"ENet","width":1,"connectorOffset":0,"noClass1OutRouting":false}],"image":{"ideIcon":{"name":"drives"}},"ideSupport":{"minIDEVersion":1,"PVCLSID":"{81e11fff-a883-4c09-a274-fbceef42ae93}","PSCLSID":"{848B1A29-B8C1-4333-89EB-80C2EF30BDD9}"},"ioSupport":{"noRemoteChildren":false,"multicastOnly":false,"unicastOnly":false,"hmiButtonControl":false,"redundancy":{"canExistInRedundantChassis":false},"aggregation":{"neoObjectSupported":{"objectSupported":false},"neoAggregationTarget":{"target":false},"bankMaster":{"bankMaster":false},"childBankMasterValidation":{"childBankMasterValidation":false}}}},{"identity":{"productID":["cip.type:1.127.129.2"],"vendor":"Rockwell Automation/Allen-Bradley","productType":[],"productName":"PowerFlex 40P-E","catalog":"PowerFlex 40P-E","description":[{"iso6391Locale":"en","value":"AC Drive via 22-COMM-E"},{"iso6391Locale":"fr","value":"Variateur CA via 22-COMM-E"},{"iso6391Locale":"it","value":"Unità CA via 22-COMM-E"},{"iso6391Locale":"ja","value":"22-COMM-E 経由の AC ドライブ"},{"iso6391Locale":"ko","value":"22-COMM-E로 통하는 AC 드라이브"},{"iso6391Locale":"zh","value":"AC 驱动器（通过 22-COMM-E）"},{"iso6391Locale":"de","value":"AC-Antrieb über 22-COMM-E"},{"iso6391Locale":"es","value":"Unidad CA a través de 22-COMM-E"},{"iso6391Locale":"pt","value":"Inversor CA via 22-COMM-E"}],"majRevSeries":[],"cip":{"majRev":2,"vendCode":1,"prodType":127,"prodCode":129}},"categories":["Drive"],"ports":[{"portID":"2","type":"Ethernet","downStreamOnly":false,"localOnly":false,"label":"ENet","width":1,"connectorOffset":0,"noClass1OutRouting":false}],"image":{"ideIcon":{"name":"drives"}},"ideSupport":{"minIDEVersion":1,"PVCLSID":"{81e11fff-a883-4c09-a274-fbceef42ae93}","PSCLSID":"{848B1A29-B8C1-4333-89EB-80C2EF30BDD9}"},"ioSupport":{"noRemoteChildren":false,"multicastOnly":false,"unicastOnly":false,"hmiButtonControl":false,"redundancy":{"canExistInRedundantChassis":false},"aggregation":{"neoObjectSupported":{"objectSupported":false},"neoAggregationTarget":{"target":false},"bankMaster":{"bankMaster":false},"childBankMasterValidation":{"childBankMasterValidation":false}}}},{"identity":{"productID":["cip.type:1.127.129.1"],"vendor":"Rockwell Automation/Allen-Bradley","productType":[],"productName":"PowerFlex 40P-E","catalog":"PowerFlex 40P-E","description":[{"iso6391Locale":"en","value":"AC Drive via 22-COMM-E"},{"iso6391Locale":"fr","value":"Variateur CA via 22-COMM-E"},{"iso6391Locale":"it","value":"Unità CA via 22-COMM-E"},{"iso6391Locale":"ja","value":"22-COMM-E 経由の AC ドライブ"},{"iso6391Locale":"ko","value":"22-COMM-E로 통하는 AC 드라이브"},{"iso6391Locale":"zh","value":"AC 驱动器（通过 22-COMM-E）"},{"iso6391Locale":"de","value":"AC-Antrieb über 22-COMM-E"},{"iso6391Locale":"es","value":"Unidad CA a través de 22-COMM-E"},{"iso6391Locale":"pt","value":"Inversor CA via 22-COMM-E"}],"majRevSeries":[],"cip":{"majRev":1,"vendCode":1,"prodType":127,"prodCode":129}},"categories":["Drive"],"ports":[{"portID":"2","type":"Ethernet","downStreamOnly":false,"localOnly":false,"label":"ENet","width":1,"connectorOffset":0,"noClass1OutRouting":false}],"image":{"ideIcon":{"name":"drives"}},"ideSupport":{"minIDEVersion":1,"PVCLSID":"{81e11fff-a883-4c09-a274-fbceef42ae93}","PSCLSID":"{848B1A29-B8C1-4333-89EB-80C2EF30BDD9}"},"ioSupport":{"noRemoteChildren":false,"multicastOnly":false,"unicastOnly":false,"hmiButtonControl":false,"redundancy":{"canExistInRedundantChassis":false},"aggregation":{"neoObjectSupported":{"objectSupported":false},"neoAggregationTarget":{"target":false},"bankMaster":{"bankMaster":false},"childBankMasterValidation":{"childBankMasterValidation":false}}}}]}
{"_id":{"$oid":"65ea558e04eb5726e4c114f9"},"identity":{"productID":[],"cip":{"vendCode":1,"prodType":127,"prodCode":8}},"revisions":[{"identity":{"productID":["cip.type:1.127.8.3"],"vendor":"Rockwell Automation/Allen-Bradley","productType":[],"productName":"PowerFlex 523-E","catalog":"PowerFlex 523-E","description":[{"iso6391Locale":"en","value":"PowerFlex 523 via 22-COMM-E"},{"iso6391Locale":"fr","value":"PowerFlex 523 via 22-COMM-E"},{"iso6391Locale":"it","value":"PowerFlex 523 tramite 22-COMM-E"},{"iso6391Locale":"ja","value":"PowerFlex 523: 22-COMM-E 経由"},{"iso6391Locale":"ko","value":"22-COMM-E를 통한 PowerFlex 523"},{"iso6391Locale":"zh","value":"PowerFlex 523（通过 22-COMM-E）"},{"iso6391Locale":"de","value":"PowerFlex 523 über 22-COMM-E"},{"iso6391Locale":"es","value":"PowerFlex 523 a través de 22-COMM-E"},{"iso6391Locale":"pt","value":"PowerFlex 523 via 22-COMM-E"}],"majRevSeries":[],"cip":{"vendCode":1,"prodType":127,"prodCode":8,"majRev":3}},"categories":["Drive"],"ports":[{"portID":"2","type":"Ethernet","downStreamOnly":false,"localOnly":false,"label":"ENet","width":1,"connectorOffset":0,"noClass1OutRouting":false}],"image":{"ideIcon":{"name":"drives"}},"ideSupport":{"minIDEVersion":1,"PVCLSID":"{81e11fff-a883-4c09-a274-fbceef42ae93}","PSCLSID":"{848B1A29-B8C1-4333-89EB-80C2EF30BDD9}"},"ioSupport":{"noRemoteChildren":false,"multicastOnly":false,"unicastOnly":false,"hmiButtonControl":false,"redundancy":{"canExistInRedundantChassis":false},"aggregation":{"neoObjectSupported":{"objectSupported":false},"neoAggregationTarget":{"target":false},"bankMaster":{"bankMaster":false},"childBankMasterValidation":{"childBankMasterValidation":false}}}},{"identity":{"productID":["cip.type:1.127.8.2"],"vendor":"Rockwell Automation/Allen-Bradley","productType":[],"productName":"PowerFlex 523-E","catalog":"PowerFlex 523-E","description":[{"iso6391Locale":"en","value":"PowerFlex 523 via 22-COMM-E"},{"iso6391Locale":"fr","value":"PowerFlex 523 via 22-COMM-E"},{"iso6391Locale":"it","value":"PowerFlex 523 tramite 22-COMM-E"},{"iso6391Locale":"ja","value":"PowerFlex 523: 22-COMM-E 経由"},{"iso6391Locale":"ko","value":"22-COMM-E를 통한 PowerFlex 523"},{"iso6391Locale":"zh","value":"PowerFlex 523（通过 22-COMM-E）"},{"iso6391Locale":"de","value":"PowerFlex 523 über 22-COMM-E"},{"iso6391Locale":"es","value":"PowerFlex 523 a través de 22-COMM-E"},{"iso6391Locale":"pt","value":"PowerFlex 523 via 22-COMM-E"}],"majRevSeries":[],"cip":{"majRev":2,"vendCode":1,"prodType":127,"prodCode":8}},"categories":["Drive"],"ports":[{"portID":"2","type":"Ethernet","downStreamOnly":false,"localOnly":false,"label":"ENet","width":1,"connectorOffset":0,"noClass1OutRouting":false}],"image":{"ideIcon":{"name":"drives"}},"ideSupport":{"minIDEVersion":1,"PVCLSID":"{81e11fff-a883-4c09-a274-fbceef42ae93}","PSCLSID":"{848B1A29-B8C1-4333-89EB-80C2EF30BDD9}"},"ioSupport":{"noRemoteChildren":false,"multicastOnly":false,"unicastOnly":false,"hmiButtonControl":false,"redundancy":{"canExistInRedundantChassis":false},"aggregation":{"neoObjectSupported":{"objectSupported":false},"neoAggregationTarget":{"target":false},"bankMaster":{"bankMaster":false},"childBankMasterValidation":{"childBankMasterValidation":false}}}},{"identity":{"productID":["cip.type:1.127.8.1"],"vendor":"Rockwell Automation/Allen-Bradley","productType":[],"productName":"PowerFlex 523-E","catalog":"PowerFlex 523-E","description":[{"iso6391Locale":"en","value":"PowerFlex 523 via 22-COMM-E"},{"iso6391Locale":"fr","value":"PowerFlex 523 via 22-COMM-E"},{"iso6391Locale":"it","value":"PowerFlex 523 tramite 22-COMM-E"},{"iso6391Locale":"ja","value":"PowerFlex 523: 22-COMM-E 経由"},{"iso6391Locale":"ko","value":"22-COMM-E를 통한 PowerFlex 523"},{"iso6391Locale":"zh","value":"PowerFlex 523（通过 22-COMM-E）"},{"iso6391Locale":"de","value":"PowerFlex 523 über 22-COMM-E"},{"iso6391Locale":"es","value":"PowerFlex 523 a través de 22-COMM-E"},{"iso6391Locale":"pt","value":"PowerFlex 523 via 22-COMM-E"}],"majRevSeries":[],"cip":{"majRev":1,"vendCode":1,"prodType":127,"prodCode":8}},"categories":["Drive"],"ports":[{"portID":"2","type":"Ethernet","downStreamOnly":false,"localOnly":false,"label":"ENet","width":1,"connectorOffset":0,"noClass1OutRouting":false}],"image":{"ideIcon":{"name":"drives"}},"ideSupport":{"minIDEVersion":1,"PVCLSID":"{81e11fff-a883-4c09-a274-fbceef42ae93}","PSCLSID":"{848B1A29-B8C1-4333-89EB-80C2EF30BDD9}"},"ioSupport":{"noRemoteChildren":false,"multicastOnly":false,"unicastOnly":false,"hmiButtonControl":false,"redundancy":{"canExistInRedundantChassis":false},"aggregation":{"neoObjectSupported":{"objectSupported":false},"neoAggregationTarget":{"target":false},"bankMaster":{"bankMaster":false},"childBankMasterValidation":{"childBankMasterValidation":false}}}}]}
